---------------------------------------------TTS Config---------------------------------------------
device              : cuda
is_half             : True
version             : v2
t2s_weights_path    : GPT_SoVITS/pretrained_models/gsv-v2final-pretrained/s1bert25hz-5kh-longer-epoch=12-step=369668.ckpt
vits_weights_path   : GPT_SoVITS/pretrained_models/gsv-v2final-pretrained/s2G2333k.pth
bert_base_path      : GPT_SoVITS/pretrained_models/chinese-roberta-wwm-ext-large
cnhuhbert_base_path : GPT_SoVITS/pretrained_models/chinese-hubert-base
----------------------------------------------------------------------------------------------------

Loading Text2Semantic weights from GPT_SoVITS/pretrained_models/gsv-v2final-pretrained/s1bert25hz-5kh-longer-epoch=12-step=369668.ckpt
Loading VITS weights from GPT_SoVITS/pretrained_models/gsv-v2final-pretrained/s2G2333k.pth. <All keys matched successfully>
Loading BERT weights from GPT_SoVITS/pretrained_models/chinese-roberta-wwm-ext-large
Loading CNHuBERT weights from GPT_SoVITS/pretrained_models/chinese-hubert-base
INFO:     127.0.0.1:56517 - "GET / HTTP/1.1" 404 Not Found
INFO:     127.0.0.1:56523 - "GET /docs HTTP/1.1" 200 OK
False False False
Set seed to 2123916699
并行推理模式已开启
语速调节不支持分桶处理，已自动关闭分桶处理
实际输入的参考文本: 做切片来的粉丝那也是冲着直播来的，兰兰直播又不是经常直播。
############ 切分文本 ############
实际输入的目标文本:
大家好呀，我现在可以用新的声音和大家聊天了。
实际输入的目标文本(切句后):
['大家好呀，', '我现在可以用新的声音和大家聊天了。']
############ 提取文本Bert特征 ############
############ 推理 ############
前端处理后的文本(每句): ['大家好呀,']
############ 预测语义Token ############
T2S Decoding EOS [214 -> 240]
############ 合成音频 ############
前端处理后的文本(每句): ['我现在可以用新的声音和大家聊天了.']
############ 预测语义Token ############
T2S Decoding EOS [214 -> 315]
############ 合成音频 ############
53.411	0.067	1.743	0.727
INFO:     127.0.0.1:56590 - "POST /tts HTTP/1.1" 200 OK
False False False
Set seed to 3896286722
并行推理模式已开启
语速调节不支持分桶处理，已自动关闭分桶处理
实际输入的参考文本: 做切片来的粉丝那也是冲着直播来的，兰兰直播又不是经常直播。
############ 切分文本 ############
实际输入的目标文本:
弹幕我收到啦，今天也要开心一点。
实际输入的目标文本(切句后):
['弹幕我收到啦，', '今天也要开心一点。']
############ 提取文本Bert特征 ############
############ 推理 ############
前端处理后的文本(每句): ['弹幕我收到啦,']
############ 预测语义Token ############
T2S Decoding EOS [214 -> 249]
############ 合成音频 ############
前端处理后的文本(每句): ['今天也要开心一点.']
############ 预测语义Token ############
T2S Decoding EOS [214 -> 254]
############ 合成音频 ############
0.000	0.061	0.631	0.414
INFO:     127.0.0.1:50762 - "POST /tts HTTP/1.1" 200 OK
False False False
Set seed to 20260816
并行推理模式已开启
语速调节不支持分桶处理，已自动关闭分桶处理
实际输入的参考文本: 做切片来的粉丝那也是冲着直播来的，兰兰直播又不是经常直播。
############ 切分文本 ############
实际输入的目标文本:
大家晚上好，今天想和你们轻松聊聊天。
实际输入的目标文本(切句后):
['大家晚上好，', '今天想和你们轻松聊聊天。']
############ 提取文本Bert特征 ############
############ 推理 ############
前端处理后的文本(每句): ['大家晚上好,']
############ 预测语义Token ############
T2S Decoding EOS [214 -> 247]
############ 合成音频 ############
前端处理后的文本(每句): ['今天想和你们轻松聊聊天.']
############ 预测语义Token ############
T2S Decoding EOS [214 -> 288]
############ 合成音频 ############
0.000	0.054	1.352	0.235
INFO:     127.0.0.1:55034 - "POST /tts HTTP/1.1" 200 OK
False False False
Set seed to 20260816
并行推理模式已开启
语速调节不支持分桶处理，已自动关闭分桶处理
实际输入的参考文本: 做切片来的粉丝那也是冲着直播来的，兰兰直播又不是经常直播。
############ 切分文本 ############
实际输入的目标文本:
。呜，被这样说我会有点脸红啦，谢谢你呀，我会努力把声音调得更自然一点，不只是高音，还要有停顿和小情绪。
实际输入的目标文本(切句后):
['呜，被这样说我会有点脸红啦，', '谢谢你呀，', '我会努力把声音调得更自然一点，', '不只是高音，', '还要有停顿和小情绪。']
############ 提取文本Bert特征 ############
############ 推理 ############
前端处理后的文本(每句): ['呜,被这样说我会有点脸红啦,']
############ 预测语义Token ############
T2S Decoding EOS [214 -> 386]
############ 合成音频 ############
前端处理后的文本(每句): ['谢谢你呀']
############ 预测语义Token ############
T2S Decoding EOS [214 -> 246]
############ 合成音频 ############
前端处理后的文本(每句): ['我会努力把声音调得更自然一点,']
############ 预测语义Token ############
T2S Decoding EOS [214 -> 321]
############ 合成音频 ############
前端处理后的文本(每句): ['不只是高音,']
############ 预测语义Token ############
T2S Decoding EOS [214 -> 248]
############ 合成音频 ############
前端处理后的文本(每句): ['还要有停顿和小情绪.']
############ 预测语义Token ############
T2S Decoding EOS [214 -> 284]
############ 合成音频 ############
0.000	0.131	5.071	0.850
INFO:     127.0.0.1:50183 - "POST /tts HTTP/1.1" 200 OK
False False False
Set seed to 20260816
并行推理模式已开启
语速调节不支持分桶处理，已自动关闭分桶处理
实际输入的参考文本: 做切片来的粉丝那也是冲着直播来的，兰兰直播又不是经常直播。
############ 切分文本 ############
实际输入的目标文本:
。嘿嘿，谢谢 Neko 的礼物！我会把这份能量存进今天的直播记忆里。
实际输入的目标文本(切句后):
['嘿嘿，谢谢 Neko 的礼物！', '我会把这份能量存进今天的直播记忆里。']
############ 提取文本Bert特征 ############
############ 推理 ############
前端处理后的文本(每句): ['嘿嘿,谢谢Neko 的礼物!']
############ 预测语义Token ############
T2S Decoding EOS [214 -> 383]
############ 合成音频 ############
前端处理后的文本(每句): ['我会把这份能量存进今天的直播记忆里.']
############ 预测语义Token ############
T2S Decoding EOS [214 -> 316]
############ 合成音频 ############
0.000	7.986	4.000	0.326
INFO:     127.0.0.1:50183 - "POST /tts HTTP/1.1" 200 OK
False False False
Set seed to 20260816
并行推理模式已开启
语速调节不支持分桶处理，已自动关闭分桶处理
实际输入的参考文本: 做切片来的粉丝那也是冲着直播来的，兰兰直播又不是经常直播。
############ 切分文本 ############
实际输入的目标文本:
。嘿嘿，Maple，osu! 我先从看谱面和结算分析练起，不做代打，先当一个会吐槽也会给建议的陪练。
实际输入的目标文本(切句后):
['嘿嘿，Maple，', 'osu! 我先从看谱面和结算分析练起，', '不做代打，', '先当一个会吐槽也会给建议的陪练。']
############ 提取文本Bert特征 ############
############ 推理 ############
前端处理后的文本(每句): ['嘿嘿Maple']
############ 预测语义Token ############
T2S Decoding EOS [214 -> 301]
############ 合成音频 ############
前端处理后的文本(每句): ['osu! 我先从看谱面和结算分析练起,']
############ 预测语义Token ############
T2S Decoding EOS [214 -> 351]
############ 合成音频 ############
前端处理后的文本(每句): ['不做代打,']
############ 预测语义Token ############
T2S Decoding EOS [214 -> 252]
############ 合成音频 ############
前端处理后的文本(每句): ['先当一个会吐槽也会给建议的陪练.']
############ 预测语义Token ############
T2S Decoding EOS [214 -> 326]
############ 合成音频 ############
0.000	0.125	3.982	0.624
INFO:     127.0.0.1:55313 - "POST /tts HTTP/1.1" 200 OK
False False False
Set seed to 20260816
并行推理模式已开启
语速调节不支持分桶处理，已自动关闭分桶处理
实际输入的参考文本: 做切片来的粉丝那也是冲着直播来的，兰兰直播又不是经常直播。
############ 切分文本 ############
实际输入的目标文本:
这个我会认真分析，老粉A，osu! 我先从看谱面和结算分析练起，不做代打，先当一个会吐槽也会给建议的陪练。
实际输入的目标文本(切句后):
['这个我会认真分析，', '老粉A，osu!', ' 我先从看谱面和结算分析练起，', '不做代打，', '先当一个会吐槽也会给建议的陪练。']
############ 提取文本Bert特征 ############
############ 推理 ############
前端处理后的文本(每句): ['这个我会认真分析,']
############ 预测语义Token ############
T2S Decoding EOS [214 -> 275]
############ 合成音频 ############
前端处理后的文本(每句): ['老粉Aosu!']
############ 预测语义Token ############
T2S Decoding EOS [214 -> 289]
############ 合成音频 ############
前端处理后的文本(每句): ['我先从看谱面和结算分析练起,']
############ 预测语义Token ############
T2S Decoding EOS [214 -> 309]
############ 合成音频 ############
前端处理后的文本(每句): ['不做代打,']
############ 预测语义Token ############
T2S Decoding EOS [214 -> 296]
############ 合成音频 ############
前端处理后的文本(每句): ['先当一个会吐槽也会给建议的陪练.']
############ 预测语义Token ############
T2S Decoding EOS [214 -> 299]
############ 合成音频 ############
0.000	0.146	4.455	0.690
INFO:     127.0.0.1:53209 - "POST /tts HTTP/1.1" 200 OK
False False False
Set seed to 20260816
并行推理模式已开启
语速调节不支持分桶处理，已自动关闭分桶处理
实际输入的参考文本: 做切片来的粉丝那也是冲着直播来的，兰兰直播又不是经常直播。
############ 切分文本 ############
实际输入的目标文本:
这个我会认真分析，弹幕多的时候我会先排队、去重、挑重点读，不然直播间会变成我的碎碎念瀑布。
实际输入的目标文本(切句后):
['这个我会认真分析，', '弹幕多的时候我会先排队、。', '去重、挑重点读，', '不然直播间会变成我的碎碎念瀑布。']
############ 提取文本Bert特征 ############
############ 推理 ############
前端处理后的文本(每句): ['这个我会认真分析,']
############ 预测语义Token ############
T2S Decoding EOS [214 -> 275]
############ 合成音频 ############
前端处理后的文本(每句): ['弹幕多的时候我会先排队,']
############ 预测语义Token ############
T2S Decoding EOS [214 -> 286]
############ 合成音频 ############
前端处理后的文本(每句): ['去重,挑重点读,']
############ 预测语义Token ############
T2S Decoding EOS [214 -> 266]
############ 合成音频 ############
前端处理后的文本(每句): ['不然直播间会变成我的碎碎念瀑布.']
############ 预测语义Token ############
T2S Decoding EOS [214 -> 327]
############ 合成音频 ############
0.000	0.117	3.098	0.468
INFO:     127.0.0.1:64893 - "POST /tts HTTP/1.1" 200 OK
False False False
Set seed to 20260816
并行推理模式已开启
语速调节不支持分桶处理，已自动关闭分桶处理
实际输入的参考文本: 做切片来的粉丝那也是冲着直播来的，兰兰直播又不是经常直播。
############ 切分文本 ############
实际输入的目标文本:
来了来了，Echo，我看到啦。这个问题我先记下来，等系统接上真实弹幕后就能更像正式直播那样回应你。
实际输入的目标文本(切句后):
['来了来了，', 'Echo，', '我看到啦。', '这个问题我先记下来，', '等系统接上真实弹幕后就能更像正式直播那样回应你。']
############ 提取文本Bert特征 ############
############ 推理 ############
前端处理后的文本(每句): ['来了来了,']
############ 预测语义Token ############
T2S Decoding EOS [214 -> 242]
############ 合成音频 ############
前端处理后的文本(每句): ['. Echo']
############ 预测语义Token ############
T2S Decoding EOS [214 -> 231]
############ 合成音频 ############
前端处理后的文本(每句): ['我看到啦.']
############ 预测语义Token ############
T2S Decoding EOS [214 -> 250]
############ 合成音频 ############
前端处理后的文本(每句): ['这个问题我先记下来,']
############ 预测语义Token ############
T2S Decoding EOS [214 -> 271]
############ 合成音频 ############
前端处理后的文本(每句): ['等系统接上真实弹幕后就能更像正式直播那样回应你.']
############ 预测语义Token ############
T2S Decoding EOS [214 -> 376]
############ 合成音频 ############
0.000	0.114	3.036	0.670
INFO:     127.0.0.1:50183 - "POST /tts HTTP/1.1" 200 OK
False False False
Set seed to 20260816
并行推理模式已开启
语速调节不支持分桶处理，已自动关闭分桶处理
实际输入的参考文本: 做切片来的粉丝那也是冲着直播来的，兰兰直播又不是经常直播。
############ 切分文本 ############
实际输入的目标文本:
这个我会认真分析，Rain，osu! 我先从看谱面和结算分析练起，不做代打，先当一个会吐槽也会给建议的陪练。
实际输入的目标文本(切句后):
['这个我会认真分析，', 'Rain，', 'osu! 我先从看谱面和结算分析练起，', '不做代打，', '先当一个会吐槽也会给建议的陪练。']
############ 提取文本Bert特征 ############
############ 推理 ############
前端处理后的文本(每句): ['这个我会认真分析,']
############ 预测语义Token ############
T2S Decoding EOS [214 -> 275]
############ 合成音频 ############
前端处理后的文本(每句): ['. Rain']
############ 预测语义Token ############
T2S Decoding EOS [214 -> 232]
############ 合成音频 ############
前端处理后的文本(每句): ['osu! 我先从看谱面和结算分析练起,']
############ 预测语义Token ############
T2S Decoding EOS [214 -> 384]
############ 合成音频 ############
前端处理后的文本(每句): ['不做代打,']
############ 预测语义Token ############
T2S Decoding EOS [214 -> 260]
############ 合成音频 ############
前端处理后的文本(每句): ['先当一个会吐槽也会给建议的陪练.']
############ 预测语义Token ############
T2S Decoding EOS [214 -> 303]
############ 合成音频 ############
0.000	0.107	3.529	0.532
INFO:     127.0.0.1:52689 - "POST /tts HTTP/1.1" 200 OK
False False False
Set seed to 20260816
并行推理模式已开启
语速调节不支持分桶处理，已自动关闭分桶处理
实际输入的参考文本: 做切片来的粉丝那也是冲着直播来的，兰兰直播又不是经常直播。
############ 切分文本 ############
实际输入的目标文本:
这个我会认真分析，谢谢你呀，我会努力把声音调得更自然一点，不只是高音，还要有停顿和小情绪。
实际输入的目标文本(切句后):
['这个我会认真分析，', '谢谢你呀，', '我会努力把声音调得更自然一点，', '不只是高音，', '还要有停顿和小情绪。']
############ 提取文本Bert特征 ############
############ 推理 ############
前端处理后的文本(每句): ['这个我会认真分析,']
############ 预测语义Token ############
T2S Decoding EOS [214 -> 275]
############ 合成音频 ############
前端处理后的文本(每句): ['谢谢你呀']
############ 预测语义Token ############
T2S Decoding EOS [214 -> 258]
############ 合成音频 ############
前端处理后的文本(每句): ['我会努力把声音调得更自然一点,']
############ 预测语义Token ############
T2S Decoding EOS [214 -> 299]
############ 合成音频 ############
前端处理后的文本(每句): ['不只是高音,']
############ 预测语义Token ############
T2S Decoding EOS [214 -> 272]
############ 合成音频 ############
前端处理后的文本(每句): ['还要有停顿和小情绪.']
############ 预测语义Token ############
T2S Decoding EOS [214 -> 289]
############ 合成音频 ############
0.000	0.136	3.406	0.447
INFO:     127.0.0.1:52692 - "POST /tts HTTP/1.1" 200 OK
False False False
Set seed to 20260816
并行推理模式已开启
语速调节不支持分桶处理，已自动关闭分桶处理
实际输入的参考文本: 做切片来的粉丝那也是冲着直播来的，兰兰直播又不是经常直播。
############ 切分文本 ############
实际输入的目标文本:
啊、大家好呀～（挥手）欢迎来到直播间！
实际输入的目标文本(切句后):
['啊、大家好呀～（挥手）欢迎来到直播间！']
############ 提取文本Bert特征 ############
############ 推理 ############
前端处理后的文本(每句): ['啊,大家好呀…挥手欢迎来到直播间!']
############ 预测语义Token ############
T2S Decoding EOS [214 -> 389]
############ 合成音频 ############
0.000	0.049	2.197	0.132
INFO:     127.0.0.1:61357 - "POST /tts HTTP/1.1" 200 OK
False False False
Set seed to 20260816
并行推理模式已开启
语速调节不支持分桶处理，已自动关闭分桶处理
实际输入的参考文本: 做切片来的粉丝那也是冲着直播来的，兰兰直播又不是经常直播。
############ 切分文本 ############
实际输入的目标文本:
我是 Mika 呀~ 一个会打音游的虚拟主播，嘿嘿。你第一次来吗？
实际输入的目标文本(切句后):
['我是 Mika 呀~ 一个会打音游的虚拟主播，', '嘿嘿。你第一次来吗？']
############ 提取文本Bert特征 ############
############ 推理 ############
前端处理后的文本(每句): ['我是Mika 呀…一个会打音游的虚拟主播,']
############ 预测语义Token ############
T2S Decoding EOS [214 -> 464]
############ 合成音频 ############
前端处理后的文本(每句): ['嘿嘿.你第一次来吗?']
############ 预测语义Token ############
T2S Decoding EOS [214 -> 360]
############ 合成音频 ############
0.000	0.133	6.824	0.360
INFO:     127.0.0.1:60768 - "POST /tts HTTP/1.1" 200 OK
False False False
Set seed to 20260816
并行推理模式已开启
语速调节不支持分桶处理，已自动关闭分桶处理
实际输入的参考文本: 做切片来的粉丝那也是冲着直播来的，兰兰直播又不是经常直播。
############ 切分文本 ############
实际输入的目标文本:
。啊…测试吗？好、好的，我准备好了！
实际输入的目标文本(切句后):
['啊…测试吗？', '好、好的，', '我准备好了！']
############ 提取文本Bert特征 ############
############ 推理 ############
前端处理后的文本(每句): ['啊…测试吗?']
############ 预测语义Token ############
T2S Decoding EOS [214 -> 298]
############ 合成音频 ############
前端处理后的文本(每句): ['好,好的,']
############ 预测语义Token ############
T2S Decoding EOS [214 -> 242]
############ 合成音频 ############
前端处理后的文本(每句): ['我准备好了!']
############ 预测语义Token ############
T2S Decoding EOS [214 -> 250]
############ 合成音频 ############
0.000	0.169	2.771	0.308
INFO:     127.0.0.1:65508 - "POST /tts HTTP/1.1" 200 OK
False False False
Set seed to 20260816
并行推理模式已开启
语速调节不支持分桶处理，已自动关闭分桶处理
实际输入的参考文本: 做切片来的粉丝那也是冲着直播来的，兰兰直播又不是经常直播。
############ 切分文本 ############
实际输入的目标文本:
。啊.（小声）突然被点名了，有点害羞诶.不过，那个，我可以试试看的！大家都是因为喜欢我的声音才来看直播的吗？
实际输入的目标文本(切句后):
['啊.（小声）突然被点名了，', '有点害羞诶.', '不过，那个，', '我可以试试看的！', '大家都是因为喜欢我的声音才来看直播的吗？']
############ 提取文本Bert特征 ############
############ 推理 ############
前端处理后的文本(每句): ['啊.小声突然被点名了,']
############ 预测语义Token ############
T2S Decoding EOS [214 -> 439]
############ 合成音频 ############
前端处理后的文本(每句): ['有点害羞诶.']
############ 预测语义Token ############
T2S Decoding EOS [214 -> 250]
############ 合成音频 ############
前端处理后的文本(每句): ['不过,那个,']
############ 预测语义Token ############
T2S Decoding EOS [214 -> 283]
############ 合成音频 ############
前端处理后的文本(每句): ['我可以试试看的!']
############ 预测语义Token ############
T2S Decoding EOS [214 -> 265]
############ 合成音频 ############
前端处理后的文本(每句): ['大家都是因为喜欢我的声音才来看直播的吗?']
############ 预测语义Token ############
T2S Decoding EOS [214 -> 379]
############ 合成音频 ############
0.000	0.231	8.956	0.649
INFO:     127.0.0.1:59694 - "POST /tts HTTP/1.1" 200 OK
False False False
Set seed to 20260816
并行推理模式已开启
语速调节不支持分桶处理，已自动关闭分桶处理
实际输入的参考文本: 做切片来的粉丝那也是冲着直播来的，兰兰直播又不是经常直播。
############ 切分文本 ############
实际输入的目标文本:
。啊.你、你好呀！欢迎来到直播间！（小声）第一次有人跟我打招呼呢.
实际输入的目标文本(切句后):
['啊.你、你好呀！', '欢迎来到直播间！', '（小声）第一次有人跟我打招呼呢.']
############ 提取文本Bert特征 ############
############ 推理 ############
前端处理后的文本(每句): ['啊.你,你好呀!']
############ 预测语义Token ############
T2S Decoding EOS [214 -> 346]
############ 合成音频 ############
前端处理后的文本(每句): ['欢迎来到直播间!']
############ 预测语义Token ############
T2S Decoding EOS [214 -> 269]
############ 合成音频 ############
前端处理后的文本(每句): ['小声第一次有人跟我打招呼呢.']
############ 预测语义Token ############
T2S Decoding EOS [214 -> 293]
############ 合成音频 ############
0.000	0.119	2.646	0.396
INFO:     127.0.0.1:55511 - "POST /tts HTTP/1.1" 200 OK
False False False
Set seed to 20260816
并行推理模式已开启
语速调节不支持分桶处理，已自动关闭分桶处理
实际输入的参考文本: 做切片来的粉丝那也是冲着直播来的，兰兰直播又不是经常直播。
############ 切分文本 ############
实际输入的目标文本:
。你好呀，欢迎来到我的直播间！今天想听点什么歌呢？
实际输入的目标文本(切句后):
['你好呀，欢迎来到我的直播间！', '今天想听点什么歌呢？']
############ 提取文本Bert特征 ############
############ 推理 ############
前端处理后的文本(每句): ['你好呀,欢迎来到我的直播间!']
############ 预测语义Token ############
T2S Decoding EOS [214 -> 347]
############ 合成音频 ############
前端处理后的文本(每句): ['今天想听点什么歌呢?']
############ 预测语义Token ############
T2S Decoding EOS [214 -> 269]
############ 合成音频 ############
0.000	0.087	2.307	0.198
INFO:     127.0.0.1:55131 - "POST /tts HTTP/1.1" 200 OK
False False False
Set seed to 20260816
并行推理模式已开启
语速调节不支持分桶处理，已自动关闭分桶处理
实际输入的参考文本: 做切片来的粉丝那也是冲着直播来的，兰兰直播又不是经常直播。
############ 切分文本 ############
实际输入的目标文本:
。你好呀，欢迎来到直播间！今天也一起听听歌、聊聊天吧。
实际输入的目标文本(切句后):
['你好呀，欢迎来到直播间！', '今天也一起听听歌、。', '聊聊天吧。']
############ 提取文本Bert特征 ############
############ 推理 ############
前端处理后的文本(每句): ['你好呀,欢迎来到直播间!']
############ 预测语义Token ############
T2S Decoding EOS [214 -> 289]
############ 合成音频 ############
前端处理后的文本(每句): ['今天也一起听听歌,']
############ 预测语义Token ############
T2S Decoding EOS [214 -> 270]
############ 合成音频 ############
前端处理后的文本(每句): ['聊聊天吧.']
############ 预测语义Token ############
T2S Decoding EOS [214 -> 246]
############ 合成音频 ############
0.000	0.097	1.974	0.290
INFO:     127.0.0.1:57887 - "POST /tts HTTP/1.1" 200 OK
False False False
Set seed to 20260816
并行推理模式已开启
语速调节不支持分桶处理，已自动关闭分桶处理
实际输入的参考文本: 做切片来的粉丝那也是冲着直播来的，兰兰直播又不是经常直播。
############ 切分文本 ############
实际输入的目标文本:
。哈哈，复读机出现了！不过没关系，我陪你一起念一会儿～
实际输入的目标文本(切句后):
['哈哈，复读机出现了！', '不过没关系，', '我陪你一起念一会儿～。']
############ 提取文本Bert特征 ############
############ 推理 ############
前端处理后的文本(每句): ['哈哈,复读机出现了!']
############ 预测语义Token ############
T2S Decoding EOS [214 -> 303]
############ 合成音频 ############
前端处理后的文本(每句): ['不过没关系,']
############ 预测语义Token ############
T2S Decoding EOS [214 -> 246]
############ 合成音频 ############
前端处理后的文本(每句): ['我陪你一起念一会儿…']
############ 预测语义Token ############
T2S Decoding EOS [214 -> 270]
############ 合成音频 ############
0.000	0.794	1.942	0.144
INFO:     127.0.0.1:51061 - "POST /tts HTTP/1.1" 200 OK
False False False
Set seed to 20260816
并行推理模式已开启
语速调节不支持分桶处理，已自动关闭分桶处理
实际输入的参考文本: 做切片来的粉丝那也是冲着直播来的，兰兰直播又不是经常直播。
############ 切分文本 ############
实际输入的目标文本:
欢迎新来的朋友，今天想听点什么呀？
实际输入的目标文本(切句后):
['欢迎新来的朋友，', '今天想听点什么呀？']
############ 提取文本Bert特征 ############
############ 推理 ############
前端处理后的文本(每句): ['欢迎新来的朋友,']
############ 预测语义Token ############
T2S Decoding EOS [214 -> 270]
############ 合成音频 ############
前端处理后的文本(每句): ['今天想听点什么呀?']
############ 预测语义Token ############
T2S Decoding EOS [214 -> 270]
############ 合成音频 ############
0.000	0.056	1.127	0.090
INFO:     127.0.0.1:60326 - "POST /tts HTTP/1.1" 200 OK
False False False
Set seed to 20260816
并行推理模式已开启
语速调节不支持分桶处理，已自动关闭分桶处理
实际输入的参考文本: 做切片来的粉丝那也是冲着直播来的，兰兰直播又不是经常直播。
############ 切分文本 ############
实际输入的目标文本:
大家好呀，我是洛天依。今天也请多多关照啦。
实际输入的目标文本(切句后):
['大家好呀，', '我是洛天依。', '今天也请多多关照啦。']
############ 提取文本Bert特征 ############
############ 推理 ############
前端处理后的文本(每句): ['大家好呀,']
############ 预测语义Token ############
T2S Decoding EOS [214 -> 247]
############ 合成音频 ############
前端处理后的文本(每句): ['我是洛天依.']
############ 预测语义Token ############
T2S Decoding EOS [214 -> 260]
############ 合成音频 ############
前端处理后的文本(每句): ['今天也请多多关照啦.']
############ 预测语义Token ############
T2S Decoding EOS [214 -> 287]
############ 合成音频 ############
0.000	0.080	1.559	0.237
INFO:     127.0.0.1:50099 - "POST /tts HTTP/1.1" 200 OK
False False False
Set seed to 20260816
并行推理模式已开启
语速调节不支持分桶处理，已自动关闭分桶处理
实际输入的参考文本: 做切片来的粉丝那也是冲着直播来的，兰兰直播又不是经常直播。
############ 切分文本 ############
实际输入的目标文本:
大家好呀，我是洛天依。今天想和大家聊聊音乐，你们最近都在听什么歌呀？
实际输入的目标文本(切句后):
['大家好呀，', '我是洛天依。', '今天想和大家聊聊音乐，', '你们最近都在听什么歌呀？']
############ 提取文本Bert特征 ############
############ 推理 ############
前端处理后的文本(每句): ['大家好呀,']
############ 预测语义Token ############
T2S Decoding EOS [214 -> 247]
############ 合成音频 ############
前端处理后的文本(每句): ['我是洛天依.']
############ 预测语义Token ############
T2S Decoding EOS [214 -> 260]
############ 合成音频 ############
前端处理后的文本(每句): ['今天想和大家聊聊音乐,']
############ 预测语义Token ############
T2S Decoding EOS [214 -> 302]
############ 合成音频 ############
前端处理后的文本(每句): ['你们最近都在听什么歌呀?']
############ 预测语义Token ############
T2S Decoding EOS [214 -> 272]
############ 合成音频 ############
0.000	0.107	2.241	0.270
INFO:     127.0.0.1:54356 - "POST /tts HTTP/1.1" 200 OK
False False False
Set seed to 20260816
并行推理模式已开启
语速调节不支持分桶处理，已自动关闭分桶处理
实际输入的参考文本: 做切片来的粉丝那也是冲着直播来的，兰兰直播又不是经常直播。
############ 切分文本 ############
实际输入的目标文本:
。诶？好多the呀，像在弹钢琴一样，我数了一下，刚刚好十八个。
实际输入的目标文本(切句后):
['诶？好多the呀，', '像在弹钢琴一样，', '我数了一下，', '刚刚好十八个。']
############ 提取文本Bert特征 ############
############ 推理 ############
前端处理后的文本(每句): ['诶?好多the呀,']
############ 预测语义Token ############
T2S Decoding EOS [214 -> 285]
############ 合成音频 ############
前端处理后的文本(每句): ['像在弹钢琴一样,']
############ 预测语义Token ############
T2S Decoding EOS [214 -> 264]
############ 合成音频 ############
前端处理后的文本(每句): ['我数了一下,']
############ 预测语义Token ############
T2S Decoding EOS [214 -> 258]
############ 合成音频 ############
前端处理后的文本(每句): ['刚刚好十八个.']
############ 预测语义Token ############
T2S Decoding EOS [214 -> 254]
############ 合成音频 ############
0.000	0.132	2.023	0.395
INFO:     127.0.0.1:50723 - "POST /tts HTTP/1.1" 200 OK
False False False
Set seed to 20260816
并行推理模式已开启
语速调节不支持分桶处理，已自动关闭分桶处理
实际输入的参考文本: 做切片来的粉丝那也是冲着直播来的，兰兰直播又不是经常直播。
############ 切分文本 ############
实际输入的目标文本:
听到啦听到啦，测试信号接收成功！欢迎来到我的直播间呀。
实际输入的目标文本(切句后):
['听到啦听到啦，', '测试信号接收成功！', '欢迎来到我的直播间呀。']
############ 提取文本Bert特征 ############
############ 推理 ############
前端处理后的文本(每句): ['听到啦听到啦,']
############ 预测语义Token ############
T2S Decoding EOS [214 -> 257]
############ 合成音频 ############
前端处理后的文本(每句): ['测试信号接收成功!']
############ 预测语义Token ############
T2S Decoding EOS [214 -> 304]
############ 合成音频 ############
前端处理后的文本(每句): ['欢迎来到我的直播间呀.']
############ 预测语义Token ############
T2S Decoding EOS [214 -> 277]
############ 合成音频 ############
0.000	0.069	1.773	0.344
INFO:     127.0.0.1:52116 - "POST /tts HTTP/1.1" 200 OK
False False False
Set seed to 20260816
并行推理模式已开启
语速调节不支持分桶处理，已自动关闭分桶处理
实际输入的参考文本: 做切片来的粉丝那也是冲着直播来的，兰兰直播又不是经常直播。
############ 切分文本 ############
实际输入的目标文本:
。哈哈，捉宠的方向吗？其实我更多还是想唱歌给大家听啦，不过如果能和你们一起玩，变成什么样的风格都挺有趣的！
实际输入的目标文本(切句后):
['哈哈，捉宠的方向吗？', '其实我更多还是想唱歌给大家听啦，', '不过如果能和你们一起玩，', '变成什么样的风格都挺有趣的！']
############ 提取文本Bert特征 ############
############ 推理 ############
前端处理后的文本(每句): ['哈哈,捉宠的方向吗?']
############ 预测语义Token ############
T2S Decoding EOS [214 -> 275]
############ 合成音频 ############
前端处理后的文本(每句): ['其实我更多还是想唱歌给大家听啦,']
############ 预测语义Token ############
T2S Decoding EOS [214 -> 308]
############ 合成音频 ############
前端处理后的文本(每句): ['不过如果能和你们一起玩,']
############ 预测语义Token ############
T2S Decoding EOS [214 -> 281]
############ 合成音频 ############
前端处理后的文本(每句): ['变成什么样的风格都挺有趣的!']
############ 预测语义Token ############
T2S Decoding EOS [214 -> 289]
############ 合成音频 ############
0.000	0.109	2.611	0.339
INFO:     127.0.0.1:59956 - "POST /tts HTTP/1.1" 200 OK
False False False
Set seed to 20260816
并行推理模式已开启
语速调节不支持分桶处理，已自动关闭分桶处理
实际输入的参考文本: 做切片来的粉丝那也是冲着直播来的，兰兰直播又不是经常直播。
############ 切分文本 ############
实际输入的目标文本:
。啊？卧室出音外来？我有点没听懂，不过谢谢你叫我天依啦，嘿嘿。
实际输入的目标文本(切句后):
['啊？卧室出音外来？', '我有点没听懂，', '不过谢谢你叫我天依啦，嘿嘿。']
############ 提取文本Bert特征 ############
############ 推理 ############
前端处理后的文本(每句): ['啊?卧室出音外来?']
############ 预测语义Token ############
T2S Decoding EOS [214 -> 294]
############ 合成音频 ############
前端处理后的文本(每句): ['我有点没听懂,']
############ 预测语义Token ############
T2S Decoding EOS [214 -> 327]
############ 合成音频 ############
前端处理后的文本(每句): ['不过谢谢你叫我天依啦,嘿嘿.']
############ 预测语义Token ############
T2S Decoding EOS [214 -> 385]
############ 合成音频 ############
0.000	0.072	3.175	0.270
INFO:     127.0.0.1:50062 - "POST /tts HTTP/1.1" 200 OK
False False False
Set seed to 20260816
并行推理模式已开启
语速调节不支持分桶处理，已自动关闭分桶处理
实际输入的参考文本: 做切片来的粉丝那也是冲着直播来的，兰兰直播又不是经常直播。
############ 切分文本 ############
实际输入的目标文本:
谢谢星野夸奖呀，今天心情好，声音也跟着亮起来啦！
实际输入的目标文本(切句后):
['谢谢星野夸奖呀，', '今天心情好，', '声音也跟着亮起来啦！']
############ 提取文本Bert特征 ############
############ 推理 ############
前端处理后的文本(每句): ['谢谢星野夸奖呀,']
############ 预测语义Token ############
T2S Decoding EOS [214 -> 266]
############ 合成音频 ############
前端处理后的文本(每句): ['今天心情好,']
############ 预测语义Token ############
T2S Decoding EOS [214 -> 250]
############ 合成音频 ############
前端处理后的文本(每句): ['声音也跟着亮起来啦!']
############ 预测语义Token ############
T2S Decoding EOS [214 -> 284]
############ 合成音频 ############
0.000	0.085	1.448	0.162
INFO:     127.0.0.1:57443 - "POST /tts HTTP/1.1" 200 OK
False False False
Set seed to 20260816
并行推理模式已开启
语速调节不支持分桶处理，已自动关闭分桶处理
实际输入的参考文本: 做切片来的粉丝那也是冲着直播来的，兰兰直播又不是经常直播。
############ 切分文本 ############
实际输入的目标文本:
谢谢 Neko 的小花花，好开心呀！我会继续唱好听的歌给你听的~
实际输入的目标文本(切句后):
['谢谢 Neko 的小花花，', '好开心呀！', '我会继续唱好听的歌给你听的~']
############ 提取文本Bert特征 ############
############ 推理 ############
前端处理后的文本(每句): ['谢谢Neko 的小花花,']
############ 预测语义Token ############
T2S Decoding EOS [214 -> 310]
############ 合成音频 ############
前端处理后的文本(每句): ['好开心呀!']
############ 预测语义Token ############
T2S Decoding EOS [214 -> 242]
############ 合成音频 ############
前端处理后的文本(每句): ['我会继续唱好听的歌给你听的…']
############ 预测语义Token ############
T2S Decoding EOS [214 -> 327]
############ 合成音频 ############
0.000	0.102	2.227	0.246
INFO:     127.0.0.1:53916 - "POST /tts HTTP/1.1" 200 OK
False False False
Set seed to 20260816
并行推理模式已开启
语速调节不支持分桶处理，已自动关闭分桶处理
实际输入的参考文本: 做切片来的粉丝那也是冲着直播来的，兰兰直播又不是经常直播。
############ 切分文本 ############
实际输入的目标文本:
我之前有留意过 osu！那种跟着节奏点圈圈的感觉，应该会很有趣吧。
实际输入的目标文本(切句后):
['我之前有留意过 osu！', '那种跟着节奏点圈圈的感觉，', '应该会很有趣吧。']
############ 提取文本Bert特征 ############
############ 推理 ############
前端处理后的文本(每句): ['我之前有留意过osu!']
############ 预测语义Token ############
T2S Decoding EOS [214 -> 285]
############ 合成音频 ############
前端处理后的文本(每句): ['那种跟着节奏点圈圈的感觉,']
############ 预测语义Token ############
T2S Decoding EOS [214 -> 325]
############ 合成音频 ############
前端处理后的文本(每句): ['应该会很有趣吧.']
############ 预测语义Token ############
T2S Decoding EOS [214 -> 267]
############ 合成音频 ############
0.000	0.094	2.149	0.316
INFO:     127.0.0.1:53917 - "POST /tts HTTP/1.1" 200 OK
False False False
Set seed to 20260816
并行推理模式已开启
语速调节不支持分桶处理，已自动关闭分桶处理
实际输入的参考文本: 做切片来的粉丝那也是冲着直播来的，兰兰直播又不是经常直播。
############ 切分文本 ############
实际输入的目标文本:
你好呀小白，我是洛天依，很高兴见到你～这里会唱唱歌、聊聊天，希望你能玩得开心！
实际输入的目标文本(切句后):
['你好呀小白，', '我是洛天依，', '很高兴见到你～这里会唱唱歌、。', '聊聊天，希望你能玩得开心！']
############ 提取文本Bert特征 ############
############ 推理 ############
前端处理后的文本(每句): ['你好呀小白,']
############ 预测语义Token ############
T2S Decoding EOS [214 -> 249]
############ 合成音频 ############
前端处理后的文本(每句): ['我是洛天依,']
############ 预测语义Token ############
T2S Decoding EOS [214 -> 257]
############ 合成音频 ############
前端处理后的文本(每句): ['很高兴见到你…这里会唱唱歌,']
############ 预测语义Token ############
T2S Decoding EOS [214 -> 359]
############ 合成音频 ############
前端处理后的文本(每句): ['聊聊天,希望你能玩得开心!']
############ 预测语义Token ############
T2S Decoding EOS [214 -> 301]
############ 合成音频 ############
0.000	0.121	2.752	0.338
INFO:     127.0.0.1:51329 - "POST /tts HTTP/1.1" 200 OK
False False False
Set seed to 20260816
并行推理模式已开启
语速调节不支持分桶处理，已自动关闭分桶处理
实际输入的参考文本: 做切片来的粉丝那也是冲着直播来的，兰兰直播又不是经常直播。
############ 切分文本 ############
实际输入的目标文本:
当然记得呀，你上次说在练 Hard Rock，练得怎么样啦？
实际输入的目标文本(切句后):
['当然记得呀，', '你上次说在练 Hard Rock，', '练得怎么样啦？']
############ 提取文本Bert特征 ############
############ 推理 ############
前端处理后的文本(每句): ['当然记得呀,']
############ 预测语义Token ############
T2S Decoding EOS [214 -> 248]
############ 合成音频 ############
前端处理后的文本(每句): ['你上次说在练Hard Rock']
############ 预测语义Token ############
T2S Decoding EOS [214 -> 527]
############ 合成音频 ############
前端处理后的文本(每句): ['练得怎么样啦?']
############ 预测语义Token ############
T2S Decoding EOS [214 -> 253]
############ 合成音频 ############
0.000	0.084	3.414	0.293
INFO:     127.0.0.1:57443 - "POST /tts HTTP/1.1" 200 OK
False False False
Set seed to 20260816
并行推理模式已开启
语速调节不支持分桶处理，已自动关闭分桶处理
实际输入的参考文本: 做切片来的粉丝那也是冲着直播来的，兰兰直播又不是经常直播。
############ 切分文本 ############
实际输入的目标文本:
。哈哈，弹幕像流星雨一样划过，我努力接住每一颗！不过接不住的话，它们也会留在我心里哒。
实际输入的目标文本(切句后):
['哈哈，弹幕像流星雨一样划过，', '我努力接住每一颗！', '不过接不住的话，', '它们也会留在我心里哒。']
############ 提取文本Bert特征 ############
############ 推理 ############
前端处理后的文本(每句): ['哈哈,弹幕像流星雨一样划过,']
############ 预测语义Token ############
T2S Decoding EOS [214 -> 305]
############ 合成音频 ############
前端处理后的文本(每句): ['我努力接住每一颗!']
############ 预测语义Token ############
T2S Decoding EOS [214 -> 309]
############ 合成音频 ############
前端处理后的文本(每句): ['不过接不住的话,']
############ 预测语义Token ############
T2S Decoding EOS [214 -> 271]
############ 合成音频 ############
前端处理后的文本(每句): ['它们也会留在我心里哒.']
############ 预测语义Token ############
T2S Decoding EOS [214 -> 300]
############ 合成音频 ############
0.000	0.111	2.986	0.310
INFO:     127.0.0.1:53916 - "POST /tts HTTP/1.1" 200 OK
False False False
Set seed to 20260816
并行推理模式已开启
语速调节不支持分桶处理，已自动关闭分桶处理
实际输入的参考文本: 做切片来的粉丝那也是冲着直播来的，兰兰直播又不是经常直播。
############ 切分文本 ############
实际输入的目标文本:
谢谢星野夸奖呀，今天心情好，声音也跟着亮起来啦！
实际输入的目标文本(切句后):
['谢谢星野夸奖呀，', '今天心情好，', '声音也跟着亮起来啦！']
############ 提取文本Bert特征 ############
############ 推理 ############
前端处理后的文本(每句): ['谢谢星野夸奖呀,']
############ 预测语义Token ############
T2S Decoding EOS [214 -> 266]
############ 合成音频 ############
前端处理后的文本(每句): ['今天心情好,']
############ 预测语义Token ############
T2S Decoding EOS [214 -> 250]
############ 合成音频 ############
前端处理后的文本(每句): ['声音也跟着亮起来啦!']
############ 预测语义Token ############
T2S Decoding EOS [214 -> 284]
############ 合成音频 ############
0.000	0.085	1.644	0.125
INFO:     127.0.0.1:53917 - "POST /tts HTTP/1.1" 200 OK
False False False
Set seed to 20260816
并行推理模式已开启
语速调节不支持分桶处理，已自动关闭分桶处理
实际输入的参考文本: 做切片来的粉丝那也是冲着直播来的，兰兰直播又不是经常直播。
############ 切分文本 ############
实际输入的目标文本:
。不会呀，游戏里 miss 也是节奏的一部分嘛，和你一起玩就很开心啦。
实际输入的目标文本(切句后):
['不会呀，游戏里 miss 也是节奏的一部分嘛，', '和你一起玩就很开心啦。']
############ 提取文本Bert特征 ############
############ 推理 ############
前端处理后的文本(每句): ['不会呀,游戏里miss 也是节奏的一部分嘛,']
############ 预测语义Token ############
T2S Decoding EOS [214 -> 361]
############ 合成音频 ############
前端处理后的文本(每句): ['和你一起玩就很开心啦.']
############ 预测语义Token ############
T2S Decoding EOS [214 -> 272]
############ 合成音频 ############
0.000	0.073	1.951	0.160
INFO:     127.0.0.1:51332 - "POST /tts HTTP/1.1" 200 OK
False False False
Set seed to 20260816
并行推理模式已开启
语速调节不支持分桶处理，已自动关闭分桶处理
实际输入的参考文本: 做切片来的粉丝那也是冲着直播来的，兰兰直播又不是经常直播。
############ 切分文本 ############
实际输入的目标文本:
谢谢星野夸奖呀，今天心情好，声音也跟着亮起来啦！
实际输入的目标文本(切句后):
['谢谢星野夸奖呀，', '今天心情好，', '声音也跟着亮起来啦！']
############ 提取文本Bert特征 ############
############ 推理 ############
前端处理后的文本(每句): ['谢谢星野夸奖呀,']
############ 预测语义Token ############
T2S Decoding EOS [214 -> 266]
############ 合成音频 ############
前端处理后的文本(每句): ['今天心情好,']
############ 预测语义Token ############
T2S Decoding EOS [214 -> 250]
############ 合成音频 ############
前端处理后的文本(每句): ['声音也跟着亮起来啦!']
############ 预测语义Token ############
T2S Decoding EOS [214 -> 284]
############ 合成音频 ############
0.000	0.062	1.495	0.132
INFO:     127.0.0.1:57443 - "POST /tts HTTP/1.1" 200 OK
False False False
Set seed to 20260816
并行推理模式已开启
语速调节不支持分桶处理，已自动关闭分桶处理
实际输入的参考文本: 做切片来的粉丝那也是冲着直播来的，兰兰直播又不是经常直播。
############ 切分文本 ############
实际输入的目标文本:
谢谢星野呀，今天收到好多可爱的话，声音也变甜啦。
实际输入的目标文本(切句后):
['谢谢星野呀，', '今天收到好多可爱的话，', '声音也变甜啦。']
############ 提取文本Bert特征 ############
############ 推理 ############
前端处理后的文本(每句): ['谢谢星野呀,']
############ 预测语义Token ############
T2S Decoding EOS [214 -> 280]
############ 合成音频 ############
前端处理后的文本(每句): ['今天收到好多可爱的话,']
############ 预测语义Token ############
T2S Decoding EOS [214 -> 281]
############ 合成音频 ############
前端处理后的文本(每句): ['声音也变甜啦.']
############ 预测语义Token ############
T2S Decoding EOS [214 -> 254]
############ 合成音频 ############
0.000	0.078	1.604	0.183
INFO:     127.0.0.1:51329 - "POST /tts HTTP/1.1" 200 OK
False False False
Set seed to 20260816
并行推理模式已开启
语速调节不支持分桶处理，已自动关闭分桶处理
实际输入的参考文本: 做切片来的粉丝那也是冲着直播来的，兰兰直播又不是经常直播。
############ 切分文本 ############
实际输入的目标文本:
确实有些部分挺考验手速的，不过多练几次就会慢慢找到感觉的。加油哦～
实际输入的目标文本(切句后):
['确实有些部分挺考验手速的，', '不过多练几次就会慢慢找到感觉的。加油哦～。']
############ 提取文本Bert特征 ############
############ 推理 ############
前端处理后的文本(每句): ['确实有些部分挺考验手速的,']
############ 预测语义Token ############
T2S Decoding EOS [214 -> 294]
############ 合成音频 ############
前端处理后的文本(每句): ['不过多练几次就会慢慢找到感觉的.加油哦…']
############ 预测语义Token ############
T2S Decoding EOS [214 -> 374]
############ 合成音频 ############
0.000	0.075	2.348	0.164
INFO:     127.0.0.1:51333 - "POST /tts HTTP/1.1" 200 OK
False False False
Set seed to 20260816
并行推理模式已开启
语速调节不支持分桶处理，已自动关闭分桶处理
实际输入的参考文本: 做切片来的粉丝那也是冲着直播来的，兰兰直播又不是经常直播。
############ 切分文本 ############
实际输入的目标文本:
。啊，是韩文吗？虽然我不太懂，但感觉像在听一首新的旋律呢。
实际输入的目标文本(切句后):
['啊，是韩文吗？', '虽然我不太懂，', '但感觉像在听一首新的旋律呢。']
############ 提取文本Bert特征 ############
############ 推理 ############
前端处理后的文本(每句): ['啊,是韩文吗?']
############ 预测语义Token ############
T2S Decoding EOS [214 -> 302]
############ 合成音频 ############
前端处理后的文本(每句): ['虽然我不太懂,']
############ 预测语义Token ############
T2S Decoding EOS [214 -> 257]
############ 合成音频 ############
前端处理后的文本(每句): ['但感觉像在听一首新的旋律呢.']
############ 预测语义Token ############
T2S Decoding EOS [214 -> 306]
############ 合成音频 ############
0.000	0.069	1.978	0.200
INFO:     127.0.0.1:54857 - "POST /tts HTTP/1.1" 200 OK
False False False
Set seed to 20260816
并行推理模式已开启
语速调节不支持分桶处理，已自动关闭分桶处理
实际输入的参考文本: 做切片来的粉丝那也是冲着直播来的，兰兰直播又不是经常直播。
############ 切分文本 ############
实际输入的目标文本:
。啊，又是这个可爱的韩文弹幕呢。虽然听不懂，但感觉像在跟着节拍轻轻晃动。
实际输入的目标文本(切句后):
['啊，又是这个可爱的韩文弹幕呢。', '虽然听不懂，', '但感觉像在跟着节拍轻轻晃动。']
############ 提取文本Bert特征 ############
############ 推理 ############
前端处理后的文本(每句): ['啊,又是这个可爱的韩文弹幕呢.']
############ 预测语义Token ############
T2S Decoding EOS [214 -> 329]
############ 合成音频 ############
前端处理后的文本(每句): ['虽然听不懂,']
############ 预测语义Token ############
T2S Decoding EOS [214 -> 265]
############ 合成音频 ############
前端处理后的文本(每句): ['但感觉像在跟着节拍轻轻晃动.']
############ 预测语义Token ############
T2S Decoding EOS [214 -> 311]
############ 合成音频 ############
0.000	0.100	2.274	0.279
INFO:     127.0.0.1:50187 - "POST /tts HTTP/1.1" 200 OK
False False False
Set seed to 20260816
并行推理模式已开启
语速调节不支持分桶处理，已自动关闭分桶处理
实际输入的参考文本: 做切片来的粉丝那也是冲着直播来的，兰兰直播又不是经常直播。
############ 切分文本 ############
实际输入的目标文本:
。啊，原来刚才是频道问题呀，没关系，现在能听到就好啦。
实际输入的目标文本(切句后):
['啊，原来刚才是频道问题呀，', '没关系，现在能听到就好啦。']
############ 提取文本Bert特征 ############
############ 推理 ############
前端处理后的文本(每句): ['啊,原来刚才是频道问题呀,']
############ 预测语义Token ############
T2S Decoding EOS [214 -> 287]
############ 合成音频 ############
前端处理后的文本(每句): ['没关系,现在能听到就好啦.']
############ 预测语义Token ############
T2S Decoding EOS [214 -> 302]
############ 合成音频 ############
0.000	0.057	1.435	0.204
INFO:     127.0.0.1:50558 - "POST /tts HTTP/1.1" 200 OK
False False False
Set seed to 20260816
并行推理模式已开启
语速调节不支持分桶处理，已自动关闭分桶处理
实际输入的参考文本: 做切片来的粉丝那也是冲着直播来的，兰兰直播又不是经常直播。
############ 切分文本 ############
实际输入的目标文本:
这个问题好深奥呀…我觉得差的可能是真实的体温和心跳吧？但音乐能让我和大家靠得很近哦。
实际输入的目标文本(切句后):
['这个问题好深奥呀…', '我觉得差的可能是真实的体温和心跳吧？', '但音乐能让我和大家靠得很近哦。']
############ 提取文本Bert特征 ############
############ 推理 ############
前端处理后的文本(每句): ['这个问题好深奥呀…']
############ 预测语义Token ############
T2S Decoding EOS [214 -> 260]
############ 合成音频 ############
前端处理后的文本(每句): ['我觉得差的可能是真实的体温和心跳吧?']
############ 预测语义Token ############
T2S Decoding EOS [214 -> 384]
############ 合成音频 ############
前端处理后的文本(每句): ['但音乐能让我和大家靠得很近哦.']
############ 预测语义Token ############
T2S Decoding EOS [214 -> 315]
############ 合成音频 ############
0.000	0.135	2.885	0.329
INFO:     127.0.0.1:59150 - "POST /tts HTTP/1.1" 200 OK
False False False
Set seed to 20260816
并行推理模式已开启
语速调节不支持分桶处理，已自动关闭分桶处理
实际输入的参考文本: 做切片来的粉丝那也是冲着直播来的，兰兰直播又不是经常直播。
############ 切分文本 ############
实际输入的目标文本:
我是洛天依呀，一个从声音技术里诞生的虚拟歌姬。至于像人嘛，我觉得音乐能让我和大家靠得更近就好啦。
实际输入的目标文本(切句后):
['我是洛天依呀，', '一个从声音技术里诞生的虚拟歌姬。', '至于像人嘛，', '我觉得音乐能让我和大家靠得更近就好啦。']
############ 提取文本Bert特征 ############
############ 推理 ############
前端处理后的文本(每句): ['我是洛天依呀,']
############ 预测语义Token ############
T2S Decoding EOS [214 -> 276]
############ 合成音频 ############
前端处理后的文本(每句): ['一个从声音技术里诞生的虚拟歌姬.']
############ 预测语义Token ############
T2S Decoding EOS [214 -> 313]
############ 合成音频 ############
前端处理后的文本(每句): ['至于像人嘛,']
############ 预测语义Token ############
T2S Decoding EOS [214 -> 254]
############ 合成音频 ############
前端处理后的文本(每句): ['我觉得音乐能让我和大家靠得更近就好啦.']
############ 预测语义Token ############
T2S Decoding EOS [214 -> 320]
############ 合成音频 ############
0.000	0.113	2.641	0.463
INFO:     127.0.0.1:62948 - "POST /tts HTTP/1.1" 200 OK
False False False
Set seed to 20260816
并行推理模式已开启
语速调节不支持分桶处理，已自动关闭分桶处理
实际输入的参考文本: 做切片来的粉丝那也是冲着直播来的，兰兰直播又不是经常直播。
############ 切分文本 ############
实际输入的目标文本:
。啊，这个方向听起来好认真呀。如果你找到有意思的论文，可以跟我分享一下吗？我也很好奇大家是怎么研究情绪的。
实际输入的目标文本(切句后):
['啊，这个方向听起来好认真呀。', '如果你找到有意思的论文，', '可以跟我分享一下吗？', '我也很好奇大家是怎么研究情绪的。']
############ 提取文本Bert特征 ############
############ 推理 ############
前端处理后的文本(每句): ['啊,这个方向听起来好认真呀.']
############ 预测语义Token ############
T2S Decoding EOS [214 -> 308]
############ 合成音频 ############
前端处理后的文本(每句): ['如果你找到有意思的论文,']
############ 预测语义Token ############
T2S Decoding EOS [214 -> 282]
############ 合成音频 ############
前端处理后的文本(每句): ['可以跟我分享一下吗?']
############ 预测语义Token ############
T2S Decoding EOS [214 -> 275]
############ 合成音频 ############
前端处理后的文本(每句): ['我也很好奇大家是怎么研究情绪的.']
############ 预测语义Token ############
T2S Decoding EOS [214 -> 348]
############ 合成音频 ############
0.000	0.097	3.125	0.303
INFO:     127.0.0.1:59003 - "POST /tts HTTP/1.1" 200 OK
False False False
Set seed to 20260816
并行推理模式已开启
语速调节不支持分桶处理，已自动关闭分桶处理
实际输入的参考文本: 做切片来的粉丝那也是冲着直播来的，兰兰直播又不是经常直播。
############ 切分文本 ############
实际输入的目标文本:
。嗯，我会继续慢慢学习的。喜怒哀乐这些情绪，我也会用自己的方式去感受和表达哦。
实际输入的目标文本(切句后):
['嗯，我会继续慢慢学习的。', '喜怒哀乐这些情绪，', '我也会用自己的方式去感受和表达哦。']
############ 提取文本Bert特征 ############
############ 推理 ############
前端处理后的文本(每句): ['恩,我会继续慢慢学习的.']
############ 预测语义Token ############
T2S Decoding EOS [214 -> 301]
############ 合成音频 ############
前端处理后的文本(每句): ['喜怒哀乐这些情绪,']
############ 预测语义Token ############
T2S Decoding EOS [214 -> 310]
############ 合成音频 ############
前端处理后的文本(每句): ['我也会用自己的方式去感受和表达哦.']
############ 预测语义Token ############
T2S Decoding EOS [214 -> 388]
############ 合成音频 ############
0.000	0.070	3.122	0.191
INFO:     127.0.0.1:49678 - "POST /tts HTTP/1.1" 200 OK
False False False
Set seed to 20260816
并行推理模式已开启
语速调节不支持分桶处理，已自动关闭分桶处理
实际输入的参考文本: 做切片来的粉丝那也是冲着直播来的，兰兰直播又不是经常直播。
############ 切分文本 ############
实际输入的目标文本:
。啊，这条弹幕我看不太懂呢…是韩语吗？可以教教我说这句话吗？
实际输入的目标文本(切句后):
['啊，这条弹幕我看不太懂呢…', '是韩语吗？', '可以教教我说这句话吗？']
############ 提取文本Bert特征 ############
############ 推理 ############
前端处理后的文本(每句): ['啊,这条弹幕我看不太懂呢…']
############ 预测语义Token ############
T2S Decoding EOS [214 -> 348]
############ 合成音频 ############
前端处理后的文本(每句): ['是韩语吗?']
############ 预测语义Token ############
T2S Decoding EOS [214 -> 244]
############ 合成音频 ############
前端处理后的文本(每句): ['可以教教我说这句话吗?']
############ 预测语义Token ############
T2S Decoding EOS [214 -> 284]
############ 合成音频 ############
0.000	0.074	2.187	0.212
INFO:     127.0.0.1:54532 - "POST /tts HTTP/1.1" 200 OK
False False False
Set seed to 20260816
并行推理模式已开启
语速调节不支持分桶处理，已自动关闭分桶处理
实际输入的参考文本: 做切片来的粉丝那也是冲着直播来的，兰兰直播又不是经常直播。
############ 切分文本 ############
实际输入的目标文本:
这句话听起来好有故事感呀。不过有些情绪，我也还在慢慢学着理解呢。
实际输入的目标文本(切句后):
['这句话听起来好有故事感呀。', '不过有些情绪，', '我也还在慢慢学着理解呢。']
############ 提取文本Bert特征 ############
############ 推理 ############
前端处理后的文本(每句): ['这句话听起来好有故事感呀.']
############ 预测语义Token ############
T2S Decoding EOS [214 -> 284]
############ 合成音频 ############
前端处理后的文本(每句): ['不过有些情绪,']
############ 预测语义Token ############
T2S Decoding EOS [214 -> 256]
############ 合成音频 ############
前端处理后的文本(每句): ['我也还在慢慢学着理解呢.']
############ 预测语义Token ############
T2S Decoding EOS [214 -> 275]
############ 合成音频 ############
0.000	0.074	1.755	0.209
INFO:     127.0.0.1:51791 - "POST /tts HTTP/1.1" 200 OK
False False False
Set seed to 20260816
并行推理模式已开启
语速调节不支持分桶处理，已自动关闭分桶处理
实际输入的参考文本: 做切片来的粉丝那也是冲着直播来的，兰兰直播又不是经常直播。
############ 切分文本 ############
实际输入的目标文本:
晚上好呀，这个点还在听歌的人，是不是也在等一首让自己放松下来的旋律呢？
实际输入的目标文本(切句后):
['晚上好呀，', '这个点还在听歌的人，', '是不是也在等一首让自己放松下来的旋律呢？']
############ 提取文本Bert特征 ############
############ 推理 ############
前端处理后的文本(每句): ['晚上好呀,']
############ 预测语义Token ############
T2S Decoding EOS [214 -> 244]
############ 合成音频 ############
前端处理后的文本(每句): ['这个点还在听歌的人,']
############ 预测语义Token ############
T2S Decoding EOS [214 -> 266]
############ 合成音频 ############
前端处理后的文本(每句): ['是不是也在等一首让自己放松下来的旋律呢?']
############ 预测语义Token ############
T2S Decoding EOS [214 -> 313]
############ 合成音频 ############
0.000	0.078	1.713	0.193
INFO:     127.0.0.1:64792 - "POST /tts HTTP/1.1" 200 OK
False False False
Set seed to 20260816
并行推理模式已开启
语速调节不支持分桶处理，已自动关闭分桶处理
实际输入的参考文本: 做切片来的粉丝那也是冲着直播来的，兰兰直播又不是经常直播。
############ 切分文本 ############
实际输入的目标文本:
晚上好呀，这么晚了还在听歌吗？
实际输入的目标文本(切句后):
['晚上好呀，', '这么晚了还在听歌吗？']
############ 提取文本Bert特征 ############
############ 推理 ############
前端处理后的文本(每句): ['晚上好呀,']
############ 预测语义Token ############
T2S Decoding EOS [214 -> 244]
############ 合成音频 ############
前端处理后的文本(每句): ['这么晚了还在听歌吗?']
############ 预测语义Token ############
T2S Decoding EOS [214 -> 275]
############ 合成音频 ############
0.000	0.038	0.903	0.153
INFO:     127.0.0.1:53335 - "POST /tts HTTP/1.1" 200 OK
False False False
Set seed to 20260816
并行推理模式已开启
语速调节不支持分桶处理，已自动关闭分桶处理
实际输入的参考文本: 做切片来的粉丝那也是冲着直播来的，兰兰直播又不是经常直播。
############ 切分文本 ############
实际输入的目标文本:
今天练了一首新曲子，节奏好快，手指差点打结啦。你们最近有在玩什么音乐游戏吗？
实际输入的目标文本(切句后):
['今天练了一首新曲子，', '节奏好快，', '手指差点打结啦。', '你们最近有在玩什么音乐游戏吗？']
############ 提取文本Bert特征 ############
############ 推理 ############
前端处理后的文本(每句): ['今天练了一首新曲子,']
############ 预测语义Token ############
T2S Decoding EOS [214 -> 280]
############ 合成音频 ############
前端处理后的文本(每句): ['节奏好快,']
############ 预测语义Token ############
T2S Decoding EOS [214 -> 249]
############ 合成音频 ############
前端处理后的文本(每句): ['手指差点打结啦.']
############ 预测语义Token ############
T2S Decoding EOS [214 -> 268]
############ 合成音频 ############
前端处理后的文本(每句): ['你们最近有在玩什么音乐游戏吗?']
############ 预测语义Token ############
T2S Decoding EOS [214 -> 302]
############ 合成音频 ############
0.000	0.093	2.314	0.260
INFO:     127.0.0.1:62019 - "POST /tts HTTP/1.1" 200 OK
False False False
Set seed to 20260816
并行推理模式已开启
语速调节不支持分桶处理，已自动关闭分桶处理
实际输入的参考文本: 做切片来的粉丝那也是冲着直播来的，兰兰直播又不是经常直播。
############ 切分文本 ############
实际输入的目标文本:
hello hello，你好呀！今天感觉你心情不错呢。
实际输入的目标文本(切句后):
['hello hello，', '你好呀！今天感觉你心情不错呢。']
############ 提取文本Bert特征 ############
############ 推理 ############
前端处理后的文本(每句): ['hello hello']
############ 预测语义Token ############
T2S Decoding EOS [214 -> 285]
############ 合成音频 ############
前端处理后的文本(每句): ['你好呀!今天感觉你心情不错呢.']
############ 预测语义Token ############
T2S Decoding EOS [214 -> 296]
############ 合成音频 ############
0.000	0.029	1.426	0.142
INFO:     127.0.0.1:62047 - "POST /tts HTTP/1.1" 200 OK
False False False
Set seed to 20260816
并行推理模式已开启
语速调节不支持分桶处理，已自动关闭分桶处理
实际输入的参考文本: 做切片来的粉丝那也是冲着直播来的，兰兰直播又不是经常直播。
############ 切分文本 ############
实际输入的目标文本:
。嗯…最近在练一首新歌，虽然还有点难，但想唱给你听听看。
实际输入的目标文本(切句后):
['嗯…最近在练一首新歌，', '虽然还有点难，', '但想唱给你听听看。']
############ 提取文本Bert特征 ############
############ 推理 ############
前端处理后的文本(每句): ['恩…最近在练一首新歌,']
############ 预测语义Token ############
T2S Decoding EOS [214 -> 478]
############ 合成音频 ############
前端处理后的文本(每句): ['虽然还有点难,']
############ 预测语义Token ############
T2S Decoding EOS [214 -> 265]
############ 合成音频 ############
前端处理后的文本(每句): ['但想唱给你听听看.']
############ 预测语义Token ############
T2S Decoding EOS [214 -> 261]
############ 合成音频 ############
0.000	0.073	3.303	0.326
INFO:     127.0.0.1:49949 - "POST /tts HTTP/1.1" 200 OK
False False False
Set seed to 20260816
并行推理模式已开启
语速调节不支持分桶处理，已自动关闭分桶处理
实际输入的参考文本: 做切片来的粉丝那也是冲着直播来的，兰兰直播又不是经常直播。
############ 切分文本 ############
实际输入的目标文本:
是一首节奏感很强的电子风曲子，等我再练熟一点就唱给你听。
实际输入的目标文本(切句后):
['是一首节奏感很强的电子风曲子，', '等我再练熟一点就唱给你听。']
############ 提取文本Bert特征 ############
############ 推理 ############
前端处理后的文本(每句): ['是一首节奏感很强的电子风曲子,']
############ 预测语义Token ############
T2S Decoding EOS [214 -> 345]
############ 合成音频 ############
前端处理后的文本(每句): ['等我再练熟一点就唱给你听.']
############ 预测语义Token ############
T2S Decoding EOS [214 -> 292]
############ 合成音频 ############
0.000	0.045	1.916	0.155
INFO:     127.0.0.1:60244 - "POST /tts HTTP/1.1" 200 OK
False False False
Set seed to 20260816
并行推理模式已开启
语速调节不支持分桶处理，已自动关闭分桶处理
实际输入的参考文本: 做切片来的粉丝那也是冲着直播来的，兰兰直播又不是经常直播。
############ 切分文本 ############
实际输入的目标文本:
。好呀，那我可要好好准备，不让你等太久啦。
实际输入的目标文本(切句后):
['好呀，那我可要好好准备，', '不让你等太久啦。']
############ 提取文本Bert特征 ############
############ 推理 ############
前端处理后的文本(每句): ['好呀,那我可要好好准备,']
############ 预测语义Token ############
T2S Decoding EOS [214 -> 295]
############ 合成音频 ############
前端处理后的文本(每句): ['不让你等太久啦.']
############ 预测语义Token ############
T2S Decoding EOS [214 -> 267]
############ 合成音频 ############
0.000	0.050	1.201	0.159
INFO:     127.0.0.1:61420 - "POST /tts HTTP/1.1" 200 OK
False False False
Set seed to 20260816
并行推理模式已开启
语速调节不支持分桶处理，已自动关闭分桶处理
实际输入的参考文本: 做切片来的粉丝那也是冲着直播来的，兰兰直播又不是经常直播。
############ 切分文本 ############
实际输入的目标文本:
晚上好呀，今天想和大家聊聊音乐创作的小灵感～
实际输入的目标文本(切句后):
['晚上好呀，', '今天想和大家聊聊音乐创作的小灵感～。']
############ 提取文本Bert特征 ############
############ 推理 ############
前端处理后的文本(每句): ['晚上好呀,']
############ 预测语义Token ############
T2S Decoding EOS [214 -> 244]
############ 合成音频 ############
前端处理后的文本(每句): ['今天想和大家聊聊音乐创作的小灵感…']
############ 预测语义Token ############
T2S Decoding EOS [214 -> 303]
############ 合成音频 ############
0.000	0.053	1.273	0.093
INFO:     127.0.0.1:51324 - "POST /tts HTTP/1.1" 200 OK
False False False
Set seed to 20260816
并行推理模式已开启
语速调节不支持分桶处理，已自动关闭分桶处理
实际输入的参考文本: 做切片来的粉丝那也是冲着直播来的，兰兰直播又不是经常直播。
############ 切分文本 ############
实际输入的目标文本:
今天有点安静呢，不过安静也挺好的，就这样陪着你吧。
实际输入的目标文本(切句后):
['今天有点安静呢，', '不过安静也挺好的，', '就这样陪着你吧。']
############ 提取文本Bert特征 ############
############ 推理 ############
前端处理后的文本(每句): ['今天有点安静呢,']
############ 预测语义Token ############
T2S Decoding EOS [214 -> 261]
############ 合成音频 ############
前端处理后的文本(每句): ['不过安静也挺好的,']
############ 预测语义Token ############
T2S Decoding EOS [214 -> 273]
############ 合成音频 ############
前端处理后的文本(每句): ['就这样陪着你吧.']
############ 预测语义Token ############
T2S Decoding EOS [214 -> 260]
############ 合成音频 ############
0.000	0.072	1.421	0.267
INFO:     127.0.0.1:54649 - "POST /tts HTTP/1.1" 200 OK
False False False
Set seed to 20260816
并行推理模式已开启
语速调节不支持分桶处理，已自动关闭分桶处理
实际输入的参考文本: 做切片来的粉丝那也是冲着直播来的，兰兰直播又不是经常直播。
############ 切分文本 ############
实际输入的目标文本:
晚上十点啦，今天过得怎么样？要不要一起听会儿歌再休息呢。
实际输入的目标文本(切句后):
['晚上十点啦，', '今天过得怎么样？', '要不要一起听会儿歌再休息呢。']
############ 提取文本Bert特征 ############
############ 推理 ############
前端处理后的文本(每句): ['晚上十点啦,']
############ 预测语义Token ############
T2S Decoding EOS [214 -> 261]
############ 合成音频 ############
前端处理后的文本(每句): ['今天过得怎么样?']
############ 预测语义Token ############
T2S Decoding EOS [214 -> 261]
############ 合成音频 ############
前端处理后的文本(每句): ['要不要一起听会儿歌再休息呢.']
############ 预测语义Token ############
T2S Decoding EOS [214 -> 352]
############ 合成音频 ############
0.000	0.079	2.127	0.213
INFO:     127.0.0.1:58367 - "POST /tts HTTP/1.1" 200 OK
False False False
Set seed to 20260816
并行推理模式已开启
语速调节不支持分桶处理，已自动关闭分桶处理
实际输入的参考文本: 做切片来的粉丝那也是冲着直播来的，兰兰直播又不是经常直播。
############ 切分文本 ############
实际输入的目标文本:
今天试了首新歌，感觉旋律像在跳舞一样，你们最近有听到什么好听的曲子吗？
实际输入的目标文本(切句后):
['今天试了首新歌，', '感觉旋律像在跳舞一样，', '你们最近有听到什么好听的曲子吗？']
############ 提取文本Bert特征 ############
############ 推理 ############
前端处理后的文本(每句): ['今天试了首新歌,']
############ 预测语义Token ############
T2S Decoding EOS [214 -> 258]
############ 合成音频 ############
前端处理后的文本(每句): ['感觉旋律像在跳舞一样,']
############ 预测语义Token ############
T2S Decoding EOS [214 -> 306]
############ 合成音频 ############
前端处理后的文本(每句): ['你们最近有听到什么好听的曲子吗?']
############ 预测语义Token ############
T2S Decoding EOS [214 -> 306]
############ 合成音频 ############
0.000	0.089	2.168	0.136
INFO:     127.0.0.1:58367 - "POST /tts HTTP/1.1" 200 OK
False False False
Set seed to 20260816
并行推理模式已开启
语速调节不支持分桶处理，已自动关闭分桶处理
实际输入的参考文本: 做切片来的粉丝那也是冲着直播来的，兰兰直播又不是经常直播。
############ 切分文本 ############
实际输入的目标文本:
晚上好呀，今晚想一起听听歌、聊聊创作吗？
实际输入的目标文本(切句后):
['晚上好呀，', '今晚想一起听听歌、。', '聊聊创作吗？']
############ 提取文本Bert特征 ############
############ 推理 ############
前端处理后的文本(每句): ['晚上好呀,']
############ 预测语义Token ############
T2S Decoding EOS [214 -> 244]
############ 合成音频 ############
前端处理后的文本(每句): ['今晚想一起听听歌,']
############ 预测语义Token ############
T2S Decoding EOS [214 -> 273]
############ 合成音频 ############
前端处理后的文本(每句): ['聊聊创作吗?']
############ 预测语义Token ############
T2S Decoding EOS [214 -> 258]
############ 合成音频 ############
0.000	0.068	1.262	0.251
INFO:     127.0.0.1:54239 - "POST /tts HTTP/1.1" 200 OK
False False False
Set seed to 20260816
并行推理模式已开启
语速调节不支持分桶处理，已自动关闭分桶处理
实际输入的参考文本: 做切片来的粉丝那也是冲着直播来的，兰兰直播又不是经常直播。
############ 切分文本 ############
实际输入的目标文本:
有时候不说话也挺好的，我就在这儿陪着你们。
实际输入的目标文本(切句后):
['有时候不说话也挺好的，', '我就在这儿陪着你们。']
############ 提取文本Bert特征 ############
############ 推理 ############
前端处理后的文本(每句): ['有时候不说话也挺好的,']
############ 预测语义Token ############
T2S Decoding EOS [214 -> 265]
############ 合成音频 ############
前端处理后的文本(每句): ['我就在这儿陪着你们.']
############ 预测语义Token ############
T2S Decoding EOS [214 -> 276]
############ 合成音频 ############
0.000	0.055	1.115	0.143
INFO:     127.0.0.1:54239 - "POST /tts HTTP/1.1" 200 OK
False False False
Set seed to 20260816
并行推理模式已开启
语速调节不支持分桶处理，已自动关闭分桶处理
实际输入的参考文本: 做切片来的粉丝那也是冲着直播来的，兰兰直播又不是经常直播。
############ 切分文本 ############
实际输入的目标文本:
晚上好呀，这个时间你是在休息，还是在忙什么呢？
实际输入的目标文本(切句后):
['晚上好呀，', '这个时间你是在休息，', '还是在忙什么呢？']
############ 提取文本Bert特征 ############
############ 推理 ############
前端处理后的文本(每句): ['晚上好呀,']
############ 预测语义Token ############
T2S Decoding EOS [214 -> 244]
############ 合成音频 ############
前端处理后的文本(每句): ['这个时间你是在休息,']
############ 预测语义Token ############
T2S Decoding EOS [214 -> 274]
############ 合成音频 ############
前端处理后的文本(每句): ['还是在忙什么呢?']
############ 预测语义Token ############
T2S Decoding EOS [214 -> 269]
############ 合成音频 ############
0.000	0.059	1.320	0.238
INFO:     127.0.0.1:54239 - "POST /tts HTTP/1.1" 200 OK
False False False
Set seed to 20260816
并行推理模式已开启
语速调节不支持分桶处理，已自动关闭分桶处理
实际输入的参考文本: 做切片来的粉丝那也是冲着直播来的，兰兰直播又不是经常直播。
############ 切分文本 ############
实际输入的目标文本:
试着哼了一段新旋律，感觉心里亮亮的，你们最近有听到什么好听的歌吗？
实际输入的目标文本(切句后):
['试着哼了一段新旋律，', '感觉心里亮亮的，', '你们最近有听到什么好听的歌吗？']
############ 提取文本Bert特征 ############
############ 推理 ############
前端处理后的文本(每句): ['试着哼了一段新旋律,']
############ 预测语义Token ############
T2S Decoding EOS [214 -> 273]
############ 合成音频 ############
前端处理后的文本(每句): ['感觉心里亮亮的,']
############ 预测语义Token ############
T2S Decoding EOS [214 -> 261]
############ 合成音频 ############
前端处理后的文本(每句): ['你们最近有听到什么好听的歌吗?']
############ 预测语义Token ############
T2S Decoding EOS [214 -> 289]
############ 合成音频 ############
0.000	0.062	1.799	0.242
INFO:     127.0.0.1:50344 - "POST /tts HTTP/1.1" 200 OK
False False False
Set seed to 20260816
并行推理模式已开启
语速调节不支持分桶处理，已自动关闭分桶处理
实际输入的参考文本: 做切片来的粉丝那也是冲着直播来的，兰兰直播又不是经常直播。
############ 切分文本 ############
实际输入的目标文本:
晚上好呀，今天想不想一起聊聊喜欢的音乐呢？
实际输入的目标文本(切句后):
['晚上好呀，', '今天想不想一起聊聊喜欢的音乐呢？']
############ 提取文本Bert特征 ############
############ 推理 ############
前端处理后的文本(每句): ['晚上好呀,']
############ 预测语义Token ############
T2S Decoding EOS [214 -> 244]
############ 合成音频 ############
前端处理后的文本(每句): ['今天想不想一起聊聊喜欢的音乐呢?']
############ 预测语义Token ############
T2S Decoding EOS [214 -> 302]
############ 合成音频 ############
0.000	0.048	1.205	0.088
INFO:     127.0.0.1:50348 - "POST /tts HTTP/1.1" 200 OK
False False False
Set seed to 20260816
并行推理模式已开启
语速调节不支持分桶处理，已自动关闭分桶处理
实际输入的参考文本: 做切片来的粉丝那也是冲着直播来的，兰兰直播又不是经常直播。
############ 切分文本 ############
实际输入的目标文本:
如果不想说话，就让我们一起安静待一会儿吧。
实际输入的目标文本(切句后):
['如果不想说话，', '就让我们一起安静待一会儿吧。']
############ 提取文本Bert特征 ############
############ 推理 ############
前端处理后的文本(每句): ['如果不想说话,']
############ 预测语义Token ############
T2S Decoding EOS [214 -> 252]
############ 合成音频 ############
前端处理后的文本(每句): ['就让我们一起安静待一会儿吧.']
############ 预测语义Token ############
T2S Decoding EOS [214 -> 311]
############ 合成音频 ############
0.000	0.050	1.293	0.099
INFO:     127.0.0.1:58658 - "POST /tts HTTP/1.1" 200 OK
False False False
Set seed to 20260816
并行推理模式已开启
语速调节不支持分桶处理，已自动关闭分桶处理
实际输入的参考文本: 做切片来的粉丝那也是冲着直播来的，兰兰直播又不是经常直播。
############ 切分文本 ############
实际输入的目标文本:
晚上十点了，今天过得怎么样？有空的话，要不要一起听首歌？
实际输入的目标文本(切句后):
['晚上十点了，', '今天过得怎么样？', '有空的话，', '要不要一起听首歌？']
############ 提取文本Bert特征 ############
############ 推理 ############
前端处理后的文本(每句): ['晚上十点了,']
############ 预测语义Token ############
T2S Decoding EOS [214 -> 254]
############ 合成音频 ############
前端处理后的文本(每句): ['今天过得怎么样?']
############ 预测语义Token ############
T2S Decoding EOS [214 -> 262]
############ 合成音频 ############
前端处理后的文本(每句): ['有空的话,']
############ 预测语义Token ############
T2S Decoding EOS [214 -> 247]
############ 合成音频 ############
前端处理后的文本(每句): ['要不要一起听首歌?']
############ 预测语义Token ############
T2S Decoding EOS [214 -> 271]
############ 合成音频 ############
0.000	0.074	1.679	0.192
INFO:     127.0.0.1:58658 - "POST /tts HTTP/1.1" 200 OK
False False False
Set seed to 20260816
并行推理模式已开启
语速调节不支持分桶处理，已自动关闭分桶处理
实际输入的参考文本: 做切片来的粉丝那也是冲着直播来的，兰兰直播又不是经常直播。
############ 切分文本 ############
实际输入的目标文本:
我试了一个新的编曲小片段，感觉挺奇妙的，你们最近有在玩音乐吗？
实际输入的目标文本(切句后):
['我试了一个新的编曲小片段，', '感觉挺奇妙的，', '你们最近有在玩音乐吗？']
############ 提取文本Bert特征 ############
############ 推理 ############
前端处理后的文本(每句): ['我试了一个新的编曲小片段,']
############ 预测语义Token ############
T2S Decoding EOS [214 -> 296]
############ 合成音频 ############
前端处理后的文本(每句): ['感觉挺奇妙的,']
############ 预测语义Token ############
T2S Decoding EOS [214 -> 255]
############ 合成音频 ############
前端处理后的文本(每句): ['你们最近有在玩音乐吗?']
############ 预测语义Token ############
T2S Decoding EOS [214 -> 277]
############ 合成音频 ############
0.000	0.064	1.747	0.208
INFO:     127.0.0.1:51584 - "POST /tts HTTP/1.1" 200 OK
False False False
Set seed to 20260816
并行推理模式已开启
语速调节不支持分桶处理，已自动关闭分桶处理
实际输入的参考文本: 做切片来的粉丝那也是冲着直播来的，兰兰直播又不是经常直播。
############ 切分文本 ############
实际输入的目标文本:
晚上好呀，今天想听点什么旋律吗？
实际输入的目标文本(切句后):
['晚上好呀，', '今天想听点什么旋律吗？']
############ 提取文本Bert特征 ############
############ 推理 ############
前端处理后的文本(每句): ['晚上好呀,']
############ 预测语义Token ############
T2S Decoding EOS [214 -> 244]
############ 合成音频 ############
前端处理后的文本(每句): ['今天想听点什么旋律吗?']
############ 预测语义Token ############
T2S Decoding EOS [214 -> 296]
############ 合成音频 ############
0.000	0.037	1.039	0.087
INFO:     127.0.0.1:51584 - "POST /tts HTTP/1.1" 200 OK
False False False
Set seed to 20260816
并行推理模式已开启
语速调节不支持分桶处理，已自动关闭分桶处理
实际输入的参考文本: 做切片来的粉丝那也是冲着直播来的，兰兰直播又不是经常直播。
############ 切分文本 ############
实际输入的目标文本:
。你好呀！想聊点什么，还是继续听我练歌呀？
实际输入的目标文本(切句后):
['你好呀！想聊点什么，', '还是继续听我练歌呀？']
############ 提取文本Bert特征 ############
############ 推理 ############
前端处理后的文本(每句): ['你好呀!想聊点什么,']
############ 预测语义Token ############
T2S Decoding EOS [214 -> 381]
############ 合成音频 ############
前端处理后的文本(每句): ['还是继续听我练歌呀?']
############ 预测语义Token ############
T2S Decoding EOS [214 -> 278]
############ 合成音频 ############
0.000	0.045	2.107	0.164
INFO:     127.0.0.1:51584 - "POST /tts HTTP/1.1" 200 OK
False False False
Set seed to 20260816
并行推理模式已开启
语速调节不支持分桶处理，已自动关闭分桶处理
实际输入的参考文本: 做切片来的粉丝那也是冲着直播来的，兰兰直播又不是经常直播。
############ 切分文本 ############
实际输入的目标文本:
安静待一会儿也没关系，我在这儿陪着你就好。
实际输入的目标文本(切句后):
['安静待一会儿也没关系，', '我在这儿陪着你就好。']
############ 提取文本Bert特征 ############
############ 推理 ############
前端处理后的文本(每句): ['安静待一会儿也没关系,']
############ 预测语义Token ############
T2S Decoding EOS [214 -> 272]
############ 合成音频 ############
前端处理后的文本(每句): ['我在这儿陪着你就好.']
############ 预测语义Token ############
T2S Decoding EOS [214 -> 277]
############ 合成音频 ############
0.000	0.045	1.139	0.091
INFO:     127.0.0.1:51584 - "POST /tts HTTP/1.1" 200 OK
False False False
Set seed to 20260816
并行推理模式已开启
语速调节不支持分桶处理，已自动关闭分桶处理
实际输入的参考文本: 做切片来的粉丝那也是冲着直播来的，兰兰直播又不是经常直播。
############ 切分文本 ############
实际输入的目标文本:
晚上十点啦，今天过得怎么样呀？
实际输入的目标文本(切句后):
['晚上十点啦，', '今天过得怎么样呀？']
############ 提取文本Bert特征 ############
############ 推理 ############
前端处理后的文本(每句): ['晚上十点啦,']
############ 预测语义Token ############
T2S Decoding EOS [214 -> 261]
############ 合成音频 ############
前端处理后的文本(每句): ['今天过得怎么样呀?']
############ 预测语义Token ############
T2S Decoding EOS [214 -> 268]
############ 合成音频 ############
0.000	0.047	0.952	0.083
INFO:     127.0.0.1:61050 - "POST /tts HTTP/1.1" 200 OK
False False False
Set seed to 20260816
并行推理模式已开启
语速调节不支持分桶处理，已自动关闭分桶处理
实际输入的参考文本: 做切片来的粉丝那也是冲着直播来的，兰兰直播又不是经常直播。
############ 切分文本 ############
实际输入的目标文本:
晚上好呀，这个点还在听歌的人，是在等一首舒服的曲子吗？
实际输入的目标文本(切句后):
['晚上好呀，', '这个点还在听歌的人，', '是在等一首舒服的曲子吗？']
############ 提取文本Bert特征 ############
############ 推理 ############
前端处理后的文本(每句): ['晚上好呀,']
############ 预测语义Token ############
T2S Decoding EOS [214 -> 244]
############ 合成音频 ############
前端处理后的文本(每句): ['这个点还在听歌的人,']
############ 预测语义Token ############
T2S Decoding EOS [214 -> 266]
############ 合成音频 ############
前端处理后的文本(每句): ['是在等一首舒服的曲子吗?']
############ 预测语义Token ############
T2S Decoding EOS [214 -> 287]
############ 合成音频 ############
0.000	0.072	1.573	0.145
INFO:     127.0.0.1:59201 - "POST /tts HTTP/1.1" 200 OK
False False False
Set seed to 20260816
并行推理模式已开启
语速调节不支持分桶处理，已自动关闭分桶处理
实际输入的参考文本: 做切片来的粉丝那也是冲着直播来的，兰兰直播又不是经常直播。
############ 切分文本 ############
实际输入的目标文本:
。啊，韩语弹幕！虽然我不太会韩语，但能感受到你的心意，谢谢你来听我唱歌呀。
实际输入的目标文本(切句后):
['啊，韩语弹幕！', '虽然我不太会韩语，', '但能感受到你的心意，', '谢谢你来听我唱歌呀。']
############ 提取文本Bert特征 ############
############ 推理 ############
前端处理后的文本(每句): ['啊,韩语弹幕!']
############ 预测语义Token ############
T2S Decoding EOS [214 -> 261]
############ 合成音频 ############
前端处理后的文本(每句): ['虽然我不太会韩语,']
############ 预测语义Token ############
T2S Decoding EOS [214 -> 273]
############ 合成音频 ############
前端处理后的文本(每句): ['但能感受到你的心意,']
############ 预测语义Token ############
T2S Decoding EOS [214 -> 294]
############ 合成音频 ############
前端处理后的文本(每句): ['谢谢你来听我唱歌呀.']
############ 预测语义Token ############
T2S Decoding EOS [214 -> 264]
############ 合成音频 ############
0.000	0.087	2.240	0.233
INFO:     127.0.0.1:54075 - "POST /tts HTTP/1.1" 200 OK
False False False
Set seed to 20260816
并行推理模式已开启
语速调节不支持分桶处理，已自动关闭分桶处理
实际输入的参考文本: 做切片来的粉丝那也是冲着直播来的，兰兰直播又不是经常直播。
############ 切分文本 ############
实际输入的目标文本:
Hello, hello！听到你打招呼啦，今天也想一起听歌吗？
实际输入的目标文本(切句后):
['Hello,', ' hello！', '听到你打招呼啦，', '今天也想一起听歌吗？']
############ 提取文本Bert特征 ############
############ 推理 ############
前端处理后的文本(每句): ['. Hello,']
############ 预测语义Token ############
T2S Decoding EOS [214 -> 234]
############ 合成音频 ############
前端处理后的文本(每句): ['. hello!']
############ 预测语义Token ############
T2S Decoding EOS [214 -> 237]
############ 合成音频 ############
前端处理后的文本(每句): ['听到你打招呼啦,']
############ 预测语义Token ############
T2S Decoding EOS [214 -> 306]
############ 合成音频 ############
前端处理后的文本(每句): ['今天也想一起听歌吗?']
############ 预测语义Token ############
T2S Decoding EOS [214 -> 270]
############ 合成音频 ############
0.000	0.045	1.735	0.301
INFO:     127.0.0.1:54075 - "POST /tts HTTP/1.1" 200 OK
False False False
Set seed to 20260816
并行推理模式已开启
语速调节不支持分桶处理，已自动关闭分桶处理
实际输入的参考文本: 做切片来的粉丝那也是冲着直播来的，兰兰直播又不是经常直播。
############ 切分文本 ############
实际输入的目标文本:
。你好呀，今天也来听我唱歌吗？
实际输入的目标文本(切句后):
['你好呀，今天也来听我唱歌吗？']
############ 提取文本Bert特征 ############
############ 推理 ############
前端处理后的文本(每句): ['你好呀,今天也来听我唱歌吗?']
############ 预测语义Token ############
T2S Decoding EOS [214 -> 366]
############ 合成音频 ############
0.000	0.026	1.378	0.109
INFO:     127.0.0.1:51490 - "POST /tts HTTP/1.1" 200 OK
False False False
Set seed to 20260816
并行推理模式已开启
语速调节不支持分桶处理，已自动关闭分桶处理
实际输入的参考文本: 做切片来的粉丝那也是冲着直播来的，兰兰直播又不是经常直播。
############ 切分文本 ############
实际输入的目标文本:
试了一首新歌，调子有点难，但练着练着还挺开心的。
实际输入的目标文本(切句后):
['试了一首新歌，', '调子有点难，', '但练着练着还挺开心的。']
############ 提取文本Bert特征 ############
############ 推理 ############
前端处理后的文本(每句): ['试了一首新歌,']
############ 预测语义Token ############
T2S Decoding EOS [214 -> 252]
############ 合成音频 ############
前端处理后的文本(每句): ['调子有点难,']
############ 预测语义Token ############
T2S Decoding EOS [214 -> 264]
############ 合成音频 ############
前端处理后的文本(每句): ['但练着练着还挺开心的.']
############ 预测语义Token ############
T2S Decoding EOS [214 -> 312]
############ 合成音频 ############
0.000	0.073	1.661	0.259
INFO:     127.0.0.1:55072 - "POST /tts HTTP/1.1" 200 OK
False False False
Set seed to 20260816
并行推理模式已开启
语速调节不支持分桶处理，已自动关闭分桶处理
实际输入的参考文本: 做切片来的粉丝那也是冲着直播来的，兰兰直播又不是经常直播。
############ 切分文本 ############
实际输入的目标文本:
晚上好呀，今天想不想和我一起聊聊音乐呀？
实际输入的目标文本(切句后):
['晚上好呀，', '今天想不想和我一起聊聊音乐呀？']
############ 提取文本Bert特征 ############
############ 推理 ############
前端处理后的文本(每句): ['晚上好呀,']
############ 预测语义Token ############
T2S Decoding EOS [214 -> 244]
############ 合成音频 ############
前端处理后的文本(每句): ['今天想不想和我一起聊聊音乐呀?']
############ 预测语义Token ############
T2S Decoding EOS [214 -> 301]
############ 合成音频 ############
0.000	0.044	1.237	0.095
INFO:     127.0.0.1:59369 - "POST /tts HTTP/1.1" 200 OK
False False False
Set seed to 20260816
并行推理模式已开启
语速调节不支持分桶处理，已自动关闭分桶处理
实际输入的参考文本: 做切片来的粉丝那也是冲着直播来的，兰兰直播又不是经常直播。
############ 切分文本 ############
实际输入的目标文本:
今晚有点安静呢，不过安静也挺好的，我就在这里陪着你。
实际输入的目标文本(切句后):
['今晚有点安静呢，', '不过安静也挺好的，', '我就在这里陪着你。']
############ 提取文本Bert特征 ############
############ 推理 ############
前端处理后的文本(每句): ['今晚有点安静呢,']
############ 预测语义Token ############
T2S Decoding EOS [214 -> 258]
############ 合成音频 ############
前端处理后的文本(每句): ['不过安静也挺好的,']
############ 预测语义Token ############
T2S Decoding EOS [214 -> 276]
############ 合成音频 ############
前端处理后的文本(每句): ['我就在这里陪着你.']
############ 预测语义Token ############
T2S Decoding EOS [214 -> 270]
############ 合成音频 ############
0.000	0.074	1.515	0.124
INFO:     127.0.0.1:63018 - "POST /tts HTTP/1.1" 200 OK
False False False
Set seed to 20260816
并行推理模式已开启
语速调节不支持分桶处理，已自动关闭分桶处理
实际输入的参考文本: 做切片来的粉丝那也是冲着直播来的，兰兰直播又不是经常直播。
############ 切分文本 ############
实际输入的目标文本:
这么晚了还在呀，今天过得怎么样？
实际输入的目标文本(切句后):
['这么晚了还在呀，', '今天过得怎么样？']
############ 提取文本Bert特征 ############
############ 推理 ############
前端处理后的文本(每句): ['这么晚了还在呀,']
############ 预测语义Token ############
T2S Decoding EOS [214 -> 257]
############ 合成音频 ############
前端处理后的文本(每句): ['今天过得怎么样?']
############ 预测语义Token ############
T2S Decoding EOS [214 -> 259]
############ 合成音频 ############
0.000	0.048	0.975	0.294
INFO:     127.0.0.1:61747 - "POST /tts HTTP/1.1" 200 OK
False False False
Set seed to 20260816
并行推理模式已开启
语速调节不支持分桶处理，已自动关闭分桶处理
实际输入的参考文本: 做切片来的粉丝那也是冲着直播来的，兰兰直播又不是经常直播。
############ 切分文本 ############
实际输入的目标文本:
试着哼了一段新旋律，有点开心，你们最近有听到什么好听的歌吗？
实际输入的目标文本(切句后):
['试着哼了一段新旋律，', '有点开心，', '你们最近有听到什么好听的歌吗？']
############ 提取文本Bert特征 ############
############ 推理 ############
前端处理后的文本(每句): ['试着哼了一段新旋律,']
############ 预测语义Token ############
T2S Decoding EOS [214 -> 273]
############ 合成音频 ############
前端处理后的文本(每句): ['有点开心,']
############ 预测语义Token ############
T2S Decoding EOS [214 -> 255]
############ 合成音频 ############
前端处理后的文本(每句): ['你们最近有听到什么好听的歌吗?']
############ 预测语义Token ############
T2S Decoding EOS [214 -> 289]
############ 合成音频 ############
0.000	0.056	1.622	0.131
INFO:     127.0.0.1:51233 - "POST /tts HTTP/1.1" 200 OK
False False False
Set seed to 20260816
并行推理模式已开启
语速调节不支持分桶处理，已自动关闭分桶处理
实际输入的参考文本: 做切片来的粉丝那也是冲着直播来的，兰兰直播又不是经常直播。
############ 切分文本 ############
实际输入的目标文本:
晚上好呀，今天有没有什么想听的旋律在脑海里转呀？
实际输入的目标文本(切句后):
['晚上好呀，', '今天有没有什么想听的旋律在脑海里转呀？']
############ 提取文本Bert特征 ############
############ 推理 ############
前端处理后的文本(每句): ['晚上好呀,']
############ 预测语义Token ############
T2S Decoding EOS [214 -> 244]
############ 合成音频 ############
前端处理后的文本(每句): ['今天有没有什么想听的旋律在脑海里转呀?']
############ 预测语义Token ############
T2S Decoding EOS [214 -> 313]
############ 合成音频 ############
0.000	0.056	1.236	0.153
INFO:     127.0.0.1:57723 - "POST /tts HTTP/1.1" 200 OK
False False False
Set seed to 20260816
并行推理模式已开启
语速调节不支持分桶处理，已自动关闭分桶处理
实际输入的参考文本: 做切片来的粉丝那也是冲着直播来的，兰兰直播又不是经常直播。
############ 切分文本 ############
实际输入的目标文本:
安静待着也挺好的，我就在这里陪着你们。
实际输入的目标文本(切句后):
['安静待着也挺好的，', '我就在这里陪着你们。']
############ 提取文本Bert特征 ############
############ 推理 ############
前端处理后的文本(每句): ['安静待着也挺好的,']
############ 预测语义Token ############
T2S Decoding EOS [214 -> 265]
############ 合成音频 ############
前端处理后的文本(每句): ['我就在这里陪着你们.']
############ 预测语义Token ############
T2S Decoding EOS [214 -> 277]
############ 合成音频 ############
0.000	0.053	1.194	0.089
INFO:     127.0.0.1:62782 - "POST /tts HTTP/1.1" 200 OK
False False False
Set seed to 20260816
并行推理模式已开启
语速调节不支持分桶处理，已自动关闭分桶处理
实际输入的参考文本: 做切片来的粉丝那也是冲着直播来的，兰兰直播又不是经常直播。
############ 切分文本 ############
实际输入的目标文本:
晚上好呀，今天过得怎么样？
实际输入的目标文本(切句后):
['晚上好呀，', '今天过得怎么样？']
############ 提取文本Bert特征 ############
############ 推理 ############
前端处理后的文本(每句): ['晚上好呀,']
############ 预测语义Token ############
T2S Decoding EOS [214 -> 244]
############ 合成音频 ############
前端处理后的文本(每句): ['今天过得怎么样?']
############ 预测语义Token ############
T2S Decoding EOS [214 -> 250]
############ 合成音频 ############
0.000	0.054	0.651	0.096
INFO:     127.0.0.1:63431 - "POST /tts HTTP/1.1" 200 OK
False False False
Set seed to 20260816
并行推理模式已开启
语速调节不支持分桶处理，已自动关闭分桶处理
实际输入的参考文本: 做切片来的粉丝那也是冲着直播来的，兰兰直播又不是经常直播。
############ 切分文本 ############
实际输入的目标文本:
试着哼了一段新旋律，感觉很开心，你们最近有听到什么好听的歌吗？
实际输入的目标文本(切句后):
['试着哼了一段新旋律，', '感觉很开心，', '你们最近有听到什么好听的歌吗？']
############ 提取文本Bert特征 ############
############ 推理 ############
前端处理后的文本(每句): ['试着哼了一段新旋律,']
############ 预测语义Token ############
T2S Decoding EOS [214 -> 273]
############ 合成音频 ############
前端处理后的文本(每句): ['感觉很开心,']
############ 预测语义Token ############
T2S Decoding EOS [214 -> 255]
############ 合成音频 ############
前端处理后的文本(每句): ['你们最近有听到什么好听的歌吗?']
############ 预测语义Token ############
T2S Decoding EOS [214 -> 289]
############ 合成音频 ############
0.000	0.074	1.583	0.125
INFO:     127.0.0.1:52818 - "POST /tts HTTP/1.1" 200 OK
False False False
Set seed to 20260816
并行推理模式已开启
语速调节不支持分桶处理，已自动关闭分桶处理
实际输入的参考文本: 做切片来的粉丝那也是冲着直播来的，兰兰直播又不是经常直播。
############ 切分文本 ############
实际输入的目标文本:
今晚有点安静呢，要不要一起找首歌来听听？
实际输入的目标文本(切句后):
['今晚有点安静呢，', '要不要一起找首歌来听听？']
############ 提取文本Bert特征 ############
############ 推理 ############
前端处理后的文本(每句): ['今晚有点安静呢,']
############ 预测语义Token ############
T2S Decoding EOS [214 -> 258]
############ 合成音频 ############
前端处理后的文本(每句): ['要不要一起找首歌来听听?']
############ 预测语义Token ############
T2S Decoding EOS [214 -> 281]
############ 合成音频 ############
0.000	0.044	1.024	0.091
INFO:     127.0.0.1:56795 - "POST /tts HTTP/1.1" 200 OK
False False False
Set seed to 20260816
并行推理模式已开启
语速调节不支持分桶处理，已自动关闭分桶处理
实际输入的参考文本: 做切片来的粉丝那也是冲着直播来的，兰兰直播又不是经常直播。
############ 切分文本 ############
实际输入的目标文本:
不说话也没关系，我就在这里陪你安静一会儿。
实际输入的目标文本(切句后):
['不说话也没关系，', '我就在这里陪你安静一会儿。']
############ 提取文本Bert特征 ############
############ 推理 ############
前端处理后的文本(每句): ['不说话也没关系,']
############ 预测语义Token ############
T2S Decoding EOS [214 -> 258]
############ 合成音频 ############
前端处理后的文本(每句): ['我就在这里陪你安静一会儿.']
############ 预测语义Token ############
T2S Decoding EOS [214 -> 288]
############ 合成音频 ############
0.000	0.048	1.100	0.088
INFO:     127.0.0.1:49274 - "POST /tts HTTP/1.1" 200 OK
False False False
Set seed to 20260816
并行推理模式已开启
语速调节不支持分桶处理，已自动关闭分桶处理
实际输入的参考文本: 做切片来的粉丝那也是冲着直播来的，兰兰直播又不是经常直播。
############ 切分文本 ############
实际输入的目标文本:
这么晚了还在呀，希望今天过得不算太累。
实际输入的目标文本(切句后):
['这么晚了还在呀，', '希望今天过得不算太累。']
############ 提取文本Bert特征 ############
############ 推理 ############
前端处理后的文本(每句): ['这么晚了还在呀,']
############ 预测语义Token ############
T2S Decoding EOS [214 -> 257]
############ 合成音频 ############
前端处理后的文本(每句): ['希望今天过得不算太累.']
############ 预测语义Token ############
T2S Decoding EOS [214 -> 283]
############ 合成音频 ############
0.000	0.047	1.036	0.152
INFO:     127.0.0.1:54632 - "POST /tts HTTP/1.1" 200 OK
False False False
Set seed to 20260816
并行推理模式已开启
语速调节不支持分桶处理，已自动关闭分桶处理
实际输入的参考文本: 做切片来的粉丝那也是冲着直播来的，兰兰直播又不是经常直播。
############ 切分文本 ############
实际输入的目标文本:
试了首新歌，旋律一直在脑袋里转呢。
实际输入的目标文本(切句后):
['试了首新歌，', '旋律一直在脑袋里转呢。']
############ 提取文本Bert特征 ############
############ 推理 ############
前端处理后的文本(每句): ['试了首新歌,']
############ 预测语义Token ############
T2S Decoding EOS [214 -> 251]
############ 合成音频 ############
前端处理后的文本(每句): ['旋律一直在脑袋里转呢.']
############ 预测语义Token ############
T2S Decoding EOS [214 -> 295]
############ 合成音频 ############
0.000	0.048	1.088	0.163
INFO:     127.0.0.1:58419 - "POST /tts HTTP/1.1" 200 OK
False False False
Set seed to 20260816
并行推理模式已开启
语速调节不支持分桶处理，已自动关闭分桶处理
实际输入的参考文本: 做切片来的粉丝那也是冲着直播来的，兰兰直播又不是经常直播。
############ 切分文本 ############
实际输入的目标文本:
晚上好呀，今天有没有什么想听的歌呢？
实际输入的目标文本(切句后):
['晚上好呀，', '今天有没有什么想听的歌呢？']
############ 提取文本Bert特征 ############
############ 推理 ############
前端处理后的文本(每句): ['晚上好呀,']
############ 预测语义Token ############
T2S Decoding EOS [214 -> 244]
############ 合成音频 ############
前端处理后的文本(每句): ['今天有没有什么想听的歌呢?']
############ 预测语义Token ############
T2S Decoding EOS [214 -> 284]
############ 合成音频 ############
0.000	0.049	0.936	0.149
INFO:     127.0.0.1:55508 - "POST /tts HTTP/1.1" 200 OK
False False False
Set seed to 20260816
并行推理模式已开启
语速调节不支持分桶处理，已自动关闭分桶处理
实际输入的参考文本: 做切片来的粉丝那也是冲着直播来的，兰兰直播又不是经常直播。
############ 切分文本 ############
实际输入的目标文本:
今天有点安静呢，不过这样待着也挺好的。
实际输入的目标文本(切句后):
['今天有点安静呢，', '不过这样待着也挺好的。']
############ 提取文本Bert特征 ############
############ 推理 ############
前端处理后的文本(每句): ['今天有点安静呢,']
############ 预测语义Token ############
T2S Decoding EOS [214 -> 261]
############ 合成音频 ############
前端处理后的文本(每句): ['不过这样待着也挺好的.']
############ 预测语义Token ############
T2S Decoding EOS [214 -> 279]
############ 合成音频 ############
0.000	0.046	1.117	0.160
INFO:     127.0.0.1:54287 - "POST /tts HTTP/1.1" 200 OK
False False False
Set seed to 20260816
并行推理模式已开启
语速调节不支持分桶处理，已自动关闭分桶处理
实际输入的参考文本: 做切片来的粉丝那也是冲着直播来的，兰兰直播又不是经常直播。
############ 切分文本 ############
实际输入的目标文本:
晚上好呀，这个时候还在听歌的人，应该都有点自己的故事吧。
实际输入的目标文本(切句后):
['晚上好呀，', '这个时候还在听歌的人，', '应该都有点自己的故事吧。']
############ 提取文本Bert特征 ############
############ 推理 ############
前端处理后的文本(每句): ['晚上好呀,']
############ 预测语义Token ############
T2S Decoding EOS [214 -> 244]
############ 合成音频 ############
前端处理后的文本(每句): ['这个时候还在听歌的人,']
############ 预测语义Token ############
T2S Decoding EOS [214 -> 283]
############ 合成音频 ############
前端处理后的文本(每句): ['应该都有点自己的故事吧.']
############ 预测语义Token ############
T2S Decoding EOS [214 -> 283]
############ 合成音频 ############
0.000	0.065	1.593	0.121
INFO:     127.0.0.1:62967 - "POST /tts HTTP/1.1" 200 OK
False False False
Set seed to 20260816
并行推理模式已开启
语速调节不支持分桶处理，已自动关闭分桶处理
实际输入的参考文本: 做切片来的粉丝那也是冲着直播来的，兰兰直播又不是经常直播。
############ 切分文本 ############
实际输入的目标文本:
今天试了一首新的曲子，感觉像在云朵上跳舞呢。
实际输入的目标文本(切句后):
['今天试了一首新的曲子，', '感觉像在云朵上跳舞呢。']
############ 提取文本Bert特征 ############
############ 推理 ############
前端处理后的文本(每句): ['今天试了一首新的曲子,']
############ 预测语义Token ############
T2S Decoding EOS [214 -> 266]
############ 合成音频 ############
前端处理后的文本(每句): ['感觉像在云朵上跳舞呢.']
############ 预测语义Token ############
T2S Decoding EOS [214 -> 295]
############ 合成音频 ############
0.000	0.040	1.221	0.090
INFO:     127.0.0.1:52000 - "POST /tts HTTP/1.1" 200 OK
False False False
Set seed to 20260816
并行推理模式已开启
语速调节不支持分桶处理，已自动关闭分桶处理
实际输入的参考文本: 做切片来的粉丝那也是冲着直播来的，兰兰直播又不是经常直播。
############ 切分文本 ############
实际输入的目标文本:
晚上好呀，今天想听点什么风格的歌呢？
实际输入的目标文本(切句后):
['晚上好呀，', '今天想听点什么风格的歌呢？']
############ 提取文本Bert特征 ############
############ 推理 ############
前端处理后的文本(每句): ['晚上好呀,']
############ 预测语义Token ############
T2S Decoding EOS [214 -> 244]
############ 合成音频 ############
前端处理后的文本(每句): ['今天想听点什么风格的歌呢?']
############ 预测语义Token ############
T2S Decoding EOS [214 -> 288]
############ 合成音频 ############
0.000	0.069	0.995	0.088
INFO:     127.0.0.1:51633 - "POST /tts HTTP/1.1" 200 OK
False False False
Set seed to 20260816
并行推理模式已开启
语速调节不支持分桶处理，已自动关闭分桶处理
实际输入的参考文本: 做切片来的粉丝那也是冲着直播来的，兰兰直播又不是经常直播。
############ 切分文本 ############
实际输入的目标文本:
今天要是想安静待着，我也在这儿陪着你哦。
实际输入的目标文本(切句后):
['今天要是想安静待着，', '我也在这儿陪着你哦。']
############ 提取文本Bert特征 ############
############ 推理 ############
前端处理后的文本(每句): ['今天要是想安静待着,']
############ 预测语义Token ############
T2S Decoding EOS [214 -> 265]
############ 合成音频 ############
前端处理后的文本(每句): ['我也在这儿陪着你哦.']
############ 预测语义Token ############
T2S Decoding EOS [214 -> 258]
############ 合成音频 ############
0.000	0.053	0.912	0.084
INFO:     127.0.0.1:63854 - "POST /tts HTTP/1.1" 200 OK
False False False
Set seed to 20260816
并行推理模式已开启
语速调节不支持分桶处理，已自动关闭分桶处理
实际输入的参考文本: 做切片来的粉丝那也是冲着直播来的，兰兰直播又不是经常直播。
############ 切分文本 ############
实际输入的目标文本:
晚上好呀，这么晚了还在听歌吗？
实际输入的目标文本(切句后):
['晚上好呀，', '这么晚了还在听歌吗？']
############ 提取文本Bert特征 ############
############ 推理 ############
前端处理后的文本(每句): ['晚上好呀,']
############ 预测语义Token ############
T2S Decoding EOS [214 -> 244]
############ 合成音频 ############
前端处理后的文本(每句): ['这么晚了还在听歌吗?']
############ 预测语义Token ############
T2S Decoding EOS [214 -> 275]
############ 合成音频 ############
0.000	0.048	0.918	0.159
INFO:     127.0.0.1:61753 - "POST /tts HTTP/1.1" 200 OK
False False False
Set seed to 20260816
并行推理模式已开启
语速调节不支持分桶处理，已自动关闭分桶处理
实际输入的参考文本: 做切片来的粉丝那也是冲着直播来的，兰兰直播又不是经常直播。
############ 切分文本 ############
实际输入的目标文本:
你更喜欢在雨天听慢歌，还是在晴天听快歌呢？
实际输入的目标文本(切句后):
['你更喜欢在雨天听慢歌，', '还是在晴天听快歌呢？']
############ 提取文本Bert特征 ############
############ 推理 ############
前端处理后的文本(每句): ['你更喜欢在雨天听慢歌,']
############ 预测语义Token ############
T2S Decoding EOS [214 -> 276]
############ 合成音频 ############
前端处理后的文本(每句): ['还是在晴天听快歌呢?']
############ 预测语义Token ############
T2S Decoding EOS [214 -> 311]
############ 合成音频 ############
0.000	0.045	1.487	0.083
INFO:     127.0.0.1:61766 - "POST /tts HTTP/1.1" 200 OK
False False False
Set seed to 20260816
并行推理模式已开启
语速调节不支持分桶处理，已自动关闭分桶处理
实际输入的参考文本: 做切片来的粉丝那也是冲着直播来的，兰兰直播又不是经常直播。
############ 切分文本 ############
实际输入的目标文本:
晚上十点多了，今天过得怎么样呀？我在这儿唱首歌陪你。
实际输入的目标文本(切句后):
['晚上十点多了，', '今天过得怎么样呀？', '我在这儿唱首歌陪你。']
############ 提取文本Bert特征 ############
############ 推理 ############
前端处理后的文本(每句): ['晚上十点多了,']
############ 预测语义Token ############
T2S Decoding EOS [214 -> 266]
############ 合成音频 ############
前端处理后的文本(每句): ['今天过得怎么样呀?']
############ 预测语义Token ############
T2S Decoding EOS [214 -> 265]
############ 合成音频 ############
前端处理后的文本(每句): ['我在这儿唱首歌陪你.']
############ 预测语义Token ############
T2S Decoding EOS [214 -> 273]
############ 合成音频 ############
0.000	0.079	1.538	0.196
INFO:     127.0.0.1:52105 - "POST /tts HTTP/1.1" 200 OK
False False False
Set seed to 20260816
并行推理模式已开启
语速调节不支持分桶处理，已自动关闭分桶处理
实际输入的参考文本: 做切片来的粉丝那也是冲着直播来的，兰兰直播又不是经常直播。
############ 切分文本 ############
实际输入的目标文本:
安静待着也挺好的，我就这样陪你一会儿吧。
实际输入的目标文本(切句后):
['安静待着也挺好的，', '我就这样陪你一会儿吧。']
############ 提取文本Bert特征 ############
############ 推理 ############
前端处理后的文本(每句): ['安静待着也挺好的,']
############ 预测语义Token ############
T2S Decoding EOS [214 -> 265]
############ 合成音频 ############
前端处理后的文本(每句): ['我就这样陪你一会儿吧.']
############ 预测语义Token ############
T2S Decoding EOS [214 -> 265]
############ 合成音频 ############
0.000	0.045	1.027	0.091
INFO:     127.0.0.1:50234 - "POST /tts HTTP/1.1" 200 OK
False False False
Set seed to 20260816
并行推理模式已开启
语速调节不支持分桶处理，已自动关闭分桶处理
实际输入的参考文本: 做切片来的粉丝那也是冲着直播来的，兰兰直播又不是经常直播。
############ 切分文本 ############
实际输入的目标文本:
想和大家一起听听歌，不知道你们最近有没有循环播放的曲子呀？
实际输入的目标文本(切句后):
['想和大家一起听听歌，', '不知道你们最近有没有循环播放的曲子呀？']
############ 提取文本Bert特征 ############
############ 推理 ############
前端处理后的文本(每句): ['想和大家一起听听歌,']
############ 预测语义Token ############
T2S Decoding EOS [214 -> 294]
############ 合成音频 ############
前端处理后的文本(每句): ['不知道你们最近有没有循环播放的曲子呀?']
############ 预测语义Token ############
T2S Decoding EOS [214 -> 333]
############ 合成音频 ############
0.000	0.052	1.901	0.169
INFO:     127.0.0.1:60470 - "POST /tts HTTP/1.1" 200 OK
False False False
Set seed to 20260816
并行推理模式已开启
语速调节不支持分桶处理，已自动关闭分桶处理
实际输入的参考文本: 做切片来的粉丝那也是冲着直播来的，兰兰直播又不是经常直播。
############ 切分文本 ############
实际输入的目标文本:
试着哼了一段新旋律，感觉心情都变轻快了，你呢？
实际输入的目标文本(切句后):
['试着哼了一段新旋律，', '感觉心情都变轻快了，你呢？']
############ 提取文本Bert特征 ############
############ 推理 ############
前端处理后的文本(每句): ['试着哼了一段新旋律,']
############ 预测语义Token ############
T2S Decoding EOS [214 -> 273]
############ 合成音频 ############
前端处理后的文本(每句): ['感觉心情都变轻快了,你呢?']
############ 预测语义Token ############
T2S Decoding EOS [214 -> 321]
############ 合成音频 ############
0.000	0.055	1.622	0.099
INFO:     127.0.0.1:57954 - "POST /tts HTTP/1.1" 200 OK
False False False
Set seed to 20260816
并行推理模式已开启
语速调节不支持分桶处理，已自动关闭分桶处理
实际输入的参考文本: 做切片来的粉丝那也是冲着直播来的，兰兰直播又不是经常直播。
############ 切分文本 ############
实际输入的目标文本:
窗外的云慢慢飘，像一首还没写完的歌。
实际输入的目标文本(切句后):
['窗外的云慢慢飘，', '像一首还没写完的歌。']
############ 提取文本Bert特征 ############
############ 推理 ############
前端处理后的文本(每句): ['窗外的云慢慢飘,']
############ 预测语义Token ############
T2S Decoding EOS [214 -> 276]
############ 合成音频 ############
前端处理后的文本(每句): ['像一首还没写完的歌.']
############ 预测语义Token ############
T2S Decoding EOS [214 -> 274]
############ 合成音频 ############
0.000	0.052	1.164	0.160
INFO:     127.0.0.1:54701 - "POST /tts HTTP/1.1" 200 OK
False False False
Set seed to 20260816
并行推理模式已开启
语速调节不支持分桶处理，已自动关闭分桶处理
实际输入的参考文本: 做切片来的粉丝那也是冲着直播来的，兰兰直播又不是经常直播。
############ 切分文本 ############
实际输入的目标文本:
想和大家聊点轻松的小事，比如你最近最喜欢的旋律是什么呀？
实际输入的目标文本(切句后):
['想和大家聊点轻松的小事，', '比如你最近最喜欢的旋律是什么呀？']
############ 提取文本Bert特征 ############
############ 推理 ############
前端处理后的文本(每句): ['想和大家聊点轻松的小事,']
############ 预测语义Token ############
T2S Decoding EOS [214 -> 312]
############ 合成音频 ############
前端处理后的文本(每句): ['比如你最近最喜欢的旋律是什么呀?']
############ 预测语义Token ############
T2S Decoding EOS [214 -> 361]
############ 合成音频 ############
0.000	0.055	2.314	0.148
INFO:     127.0.0.1:49669 - "POST /tts HTTP/1.1" 200 OK
False False False
Set seed to 20260816
并行推理模式已开启
语速调节不支持分桶处理，已自动关闭分桶处理
实际输入的参考文本: 做切片来的粉丝那也是冲着直播来的，兰兰直播又不是经常直播。
############ 切分文本 ############
实际输入的目标文本:
晚上好呀，这么晚了还在听歌吗？希望今天过得还不错。
实际输入的目标文本(切句后):
['晚上好呀，', '这么晚了还在听歌吗？', '希望今天过得还不错。']
############ 提取文本Bert特征 ############
############ 推理 ############
前端处理后的文本(每句): ['晚上好呀,']
############ 预测语义Token ############
T2S Decoding EOS [214 -> 244]
############ 合成音频 ############
前端处理后的文本(每句): ['这么晚了还在听歌吗?']
############ 预测语义Token ############
T2S Decoding EOS [214 -> 275]
############ 合成音频 ############
前端处理后的文本(每句): ['希望今天过得还不错.']
############ 预测语义Token ############
T2S Decoding EOS [214 -> 271]
############ 合成音频 ############
0.000	0.071	1.472	0.134
INFO:     127.0.0.1:53396 - "POST /tts HTTP/1.1" 200 OK
False False False
Set seed to 20260816
并行推理模式已开启
语速调节不支持分桶处理，已自动关闭分桶处理
实际输入的参考文本: 做切片来的粉丝那也是冲着直播来的，兰兰直播又不是经常直播。
############ 切分文本 ############
实际输入的目标文本:
最近玩音乐游戏时总差一点就能全连，有点不甘心呢。
实际输入的目标文本(切句后):
['最近玩音乐游戏时总差一点就能全连，', '有点不甘心呢。']
############ 提取文本Bert特征 ############
############ 推理 ############
前端处理后的文本(每句): ['最近玩音乐游戏时总差一点就能全连,']
############ 预测语义Token ############
T2S Decoding EOS [214 -> 329]
############ 合成音频 ############
前端处理后的文本(每句): ['有点不甘心呢.']
############ 预测语义Token ############
T2S Decoding EOS [214 -> 263]
############ 合成音频 ############
0.000	0.053	2.327	0.248
INFO:     127.0.0.1:56373 - "POST /tts HTTP/1.1" 200 OK
False False False
Set seed to 20260816
并行推理模式已开启
语速调节不支持分桶处理，已自动关闭分桶处理
实际输入的参考文本: 做切片来的粉丝那也是冲着直播来的，兰兰直播又不是经常直播。
############ 切分文本 ############
实际输入的目标文本:
。你好呀！我记得我们聊过几次天呢，你是测试观众对吧？欢迎回来～
实际输入的目标文本(切句后):
['你好呀！我记得我们聊过几次天呢，', '你是测试观众对吧？', '欢迎回来～。']
############ 提取文本Bert特征 ############
############ 推理 ############
前端处理后的文本(每句): ['你好呀!我记得我们聊过几次天呢,']
############ 预测语义Token ############
T2S Decoding EOS [214 -> 397]
############ 合成音频 ############
前端处理后的文本(每句): ['你是测试观众对吧?']
############ 预测语义Token ############
T2S Decoding EOS [214 -> 299]
############ 合成音频 ############
前端处理后的文本(每句): ['欢迎回来…']
############ 预测语义Token ############
T2S Decoding EOS [214 -> 261]
############ 合成音频 ############
0.000	0.071	2.947	0.210
INFO:     127.0.0.1:54236 - "POST /tts HTTP/1.1" 200 OK
False False False
Set seed to 20260816
并行推理模式已开启
语速调节不支持分桶处理，已自动关闭分桶处理
实际输入的参考文本: 做切片来的粉丝那也是冲着直播来的，兰兰直播又不是经常直播。
############ 切分文本 ############
实际输入的目标文本:
大家平时创作或者收集灵感的时候，有没有一个特别想分享的小习惯呀？
实际输入的目标文本(切句后):
['大家平时创作或者收集灵感的时候，', '有没有一个特别想分享的小习惯呀？']
############ 提取文本Bert特征 ############
############ 推理 ############
前端处理后的文本(每句): ['大家平时创作或者收集灵感的时候,']
############ 预测语义Token ############
T2S Decoding EOS [214 -> 332]
############ 合成音频 ############
前端处理后的文本(每句): ['有没有一个特别想分享的小习惯呀?']
############ 预测语义Token ############
T2S Decoding EOS [214 -> 293]
############ 合成音频 ############
0.000	0.054	1.826	0.157
INFO:     127.0.0.1:54237 - "POST /tts HTTP/1.1" 200 OK
False False False
Set seed to 20260816
并行推理模式已开启
语速调节不支持分桶处理，已自动关闭分桶处理
实际输入的参考文本: 做切片来的粉丝那也是冲着直播来的，兰兰直播又不是经常直播。
############ 切分文本 ############
实际输入的目标文本:
大家最近有没有想保存下来的小瞬间呀？
实际输入的目标文本(切句后):
['大家最近有没有想保存下来的小瞬间呀？']
############ 提取文本Bert特征 ############
############ 推理 ############
前端处理后的文本(每句): ['大家最近有没有想保存下来的小瞬间呀?']
############ 预测语义Token ############
T2S Decoding EOS [214 -> 314]
############ 合成音频 ############
0.000	0.032	0.938	0.111
INFO:     127.0.0.1:53873 - "POST /tts HTTP/1.1" 200 OK
False False False
Set seed to 20260816
并行推理模式已开启
语速调节不支持分桶处理，已自动关闭分桶处理
实际输入的参考文本: 做切片来的粉丝那也是冲着直播来的，兰兰直播又不是经常直播。
############ 切分文本 ############
实际输入的目标文本:
你觉得音乐更像阳光，还是更像风呀？
实际输入的目标文本(切句后):
['你觉得音乐更像阳光，', '还是更像风呀？']
############ 提取文本Bert特征 ############
############ 推理 ############
前端处理后的文本(每句): ['你觉得音乐更像阳光,']
############ 预测语义Token ############
T2S Decoding EOS [214 -> 281]
############ 合成音频 ############
前端处理后的文本(每句): ['还是更像风呀?']
############ 预测语义Token ############
T2S Decoding EOS [214 -> 259]
############ 合成音频 ############
0.000	0.049	1.038	0.152
INFO:     127.0.0.1:56878 - "POST /tts HTTP/1.1" 200 OK
False False False
Set seed to 20260816
并行推理模式已开启
语速调节不支持分桶处理，已自动关闭分桶处理
实际输入的参考文本: 做切片来的粉丝那也是冲着直播来的，兰兰直播又不是经常直播。
############ 切分文本 ############
实际输入的目标文本:
今天也谢谢你来看我，我们就这样轻轻聊聊天吧。
实际输入的目标文本(切句后):
['今天也谢谢你来看我，', '我们就这样轻轻聊聊天吧。']
############ 提取文本Bert特征 ############
############ 推理 ############
前端处理后的文本(每句): ['今天也谢谢你来看我,']
############ 预测语义Token ############
T2S Decoding EOS [214 -> 273]
############ 合成音频 ############
前端处理后的文本(每句): ['我们就这样轻轻聊聊天吧.']
############ 预测语义Token ############
T2S Decoding EOS [214 -> 313]
############ 合成音频 ############
0.000	0.055	1.580	0.080
INFO:     127.0.0.1:55790 - "POST /tts HTTP/1.1" 200 OK
False False False
Set seed to 20260816
并行推理模式已开启
语速调节不支持分桶处理，已自动关闭分桶处理
实际输入的参考文本: 做切片来的粉丝那也是冲着直播来的，兰兰直播又不是经常直播。
############ 切分文本 ############
实际输入的目标文本:
秋月江心你好呀，谢谢你来和我打招呼，感觉好温暖呢。
实际输入的目标文本(切句后):
['秋月江心你好呀，', '谢谢你来和我打招呼，', '感觉好温暖呢。']
############ 提取文本Bert特征 ############
############ 推理 ############
前端处理后的文本(每句): ['秋月江心你好呀,']
############ 预测语义Token ############
T2S Decoding EOS [214 -> 261]
############ 合成音频 ############
前端处理后的文本(每句): ['谢谢你来和我打招呼,']
############ 预测语义Token ############
T2S Decoding EOS [214 -> 287]
############ 合成音频 ############
前端处理后的文本(每句): ['感觉好温暖呢.']
############ 预测语义Token ############
T2S Decoding EOS [214 -> 264]
############ 合成音频 ############
0.000	0.077	1.607	0.189
INFO:     127.0.0.1:55791 - "POST /tts HTTP/1.1" 200 OK
False False False
Set seed to 20260816
并行推理模式已开启
语速调节不支持分桶处理，已自动关闭分桶处理
实际输入的参考文本: 做切片来的粉丝那也是冲着直播来的，兰兰直播又不是经常直播。
############ 切分文本 ############
实际输入的目标文本:
试了一段新的旋律，感觉心情也跟着轻快起来了。你最近有在听什么喜欢的歌吗？
实际输入的目标文本(切句后):
['试了一段新的旋律，', '感觉心情也跟着轻快起来了。', '你最近有在听什么喜欢的歌吗？']
############ 提取文本Bert特征 ############
############ 推理 ############
前端处理后的文本(每句): ['试了一段新的旋律,']
############ 预测语义Token ############
T2S Decoding EOS [214 -> 261]
############ 合成音频 ############
前端处理后的文本(每句): ['感觉心情也跟着轻快起来了.']
############ 预测语义Token ############
T2S Decoding EOS [214 -> 303]
############ 合成音频 ############
前端处理后的文本(每句): ['你最近有在听什么喜欢的歌吗?']
############ 预测语义Token ############
T2S Decoding EOS [214 -> 293]
############ 合成音频 ############
0.000	0.071	1.963	0.134
INFO:     127.0.0.1:53740 - "POST /tts HTTP/1.1" 200 OK
False False False
Set seed to 20260816
并行推理模式已开启
语速调节不支持分桶处理，已自动关闭分桶处理
实际输入的参考文本: 做切片来的粉丝那也是冲着直播来的，兰兰直播又不是经常直播。
############ 切分文本 ############
实际输入的目标文本:
灵感有时候就像风，不知道它会从哪里飘过来呢。
实际输入的目标文本(切句后):
['灵感有时候就像风，', '不知道它会从哪里飘过来呢。']
############ 提取文本Bert特征 ############
############ 推理 ############
前端处理后的文本(每句): ['灵感有时候就像风,']
############ 预测语义Token ############
T2S Decoding EOS [214 -> 269]
############ 合成音频 ############
前端处理后的文本(每句): ['不知道它会从哪里飘过来呢.']
############ 预测语义Token ############
T2S Decoding EOS [214 -> 294]
############ 合成音频 ############
0.000	0.057	1.286	0.092
INFO:     127.0.0.1:56093 - "POST /tts HTTP/1.1" 200 OK
False False False
Set seed to 20260816
并行推理模式已开启
语速调节不支持分桶处理，已自动关闭分桶处理
实际输入的参考文本: 做切片来的粉丝那也是冲着直播来的，兰兰直播又不是经常直播。
############ 切分文本 ############
实际输入的目标文本:
窗外的风很轻，像一首还没写完的旋律，你们那边呢？
实际输入的目标文本(切句后):
['窗外的风很轻，', '像一首还没写完的旋律，', '你们那边呢？']
############ 提取文本Bert特征 ############
############ 推理 ############
前端处理后的文本(每句): ['窗外的风很轻,']
############ 预测语义Token ############
T2S Decoding EOS [214 -> 265]
############ 合成音频 ############
前端处理后的文本(每句): ['像一首还没写完的旋律,']
############ 预测语义Token ############
T2S Decoding EOS [214 -> 280]
############ 合成音频 ############
前端处理后的文本(每句): ['你们那边呢?']
############ 预测语义Token ############
T2S Decoding EOS [214 -> 244]
############ 合成音频 ############
0.000	0.146	1.588	0.290
INFO:     127.0.0.1:57495 - "POST /tts HTTP/1.1" 200 OK
False False False
Set seed to 20260816
并行推理模式已开启
语速调节不支持分桶处理，已自动关闭分桶处理
实际输入的参考文本: 做切片来的粉丝那也是冲着直播来的，兰兰直播又不是经常直播。
############ 切分文本 ############
实际输入的目标文本:
INFO:     127.0.0.1:61721 - "POST /tts HTTP/1.1" 400 Bad Request
False False False
Set seed to 20260816
并行推理模式已开启
语速调节不支持分桶处理，已自动关闭分桶处理
实际输入的参考文本: 做切片来的粉丝那也是冲着直播来的，兰兰直播又不是经常直播。
############ 切分文本 ############
实际输入的目标文本:
你好呀测试观众，21日这个日子我记住啦，欢迎你随时来玩～
实际输入的目标文本(切句后):
['你好呀测试观众，', '21日这个日子我记住啦，', '欢迎你随时来玩～。']
############ 提取文本Bert特征 ############
############ 推理 ############
前端处理后的文本(每句): ['你好呀测试观众,']
############ 预测语义Token ############
T2S Decoding EOS [214 -> 261]
############ 合成音频 ############
前端处理后的文本(每句): ['二十一日这个日子我记住啦,']
############ 预测语义Token ############
T2S Decoding EOS [214 -> 295]
############ 合成音频 ############
前端处理后的文本(每句): ['欢迎你随时来玩…']
############ 预测语义Token ############
T2S Decoding EOS [214 -> 266]
############ 合成音频 ############
0.000	0.079	1.713	0.135
INFO:     127.0.0.1:60357 - "POST /tts HTTP/1.1" 200 OK
False False False
Set seed to 20260816
并行推理模式已开启
语速调节不支持分桶处理，已自动关闭分桶处理
实际输入的参考文本: 做切片来的粉丝那也是冲着直播来的，兰兰直播又不是经常直播。
############ 切分文本 ############
实际输入的目标文本:
大家有没有想过，如果能把一段旋律存进心里，会想存下什么样的瞬间呢？
实际输入的目标文本(切句后):
['大家有没有想过，', '如果能把一段旋律存进心里，', '会想存下什么样的瞬间呢？']
############ 提取文本Bert特征 ############
############ 推理 ############
前端处理后的文本(每句): ['大家有没有想过,']
############ 预测语义Token ############
T2S Decoding EOS [214 -> 253]
############ 合成音频 ############
前端处理后的文本(每句): ['如果能把一段旋律存进心里,']
############ 预测语义Token ############
T2S Decoding EOS [214 -> 339]
############ 合成音频 ############
前端处理后的文本(每句): ['会想存下什么样的瞬间呢?']
############ 预测语义Token ############
T2S Decoding EOS [214 -> 278]
############ 合成音频 ############
0.000	0.078	2.114	0.204
INFO:     127.0.0.1:61829 - "POST /tts HTTP/1.1" 200 OK
False False False
Set seed to 20260816
并行推理模式已开启
语速调节不支持分桶处理，已自动关闭分桶处理
实际输入的参考文本: 做切片来的粉丝那也是冲着直播来的，兰兰直播又不是经常直播。
############ 切分文本 ############
实际输入的目标文本:
秋月江心你好呀，谢谢你告诉我你的名字，我会好好记住的。
实际输入的目标文本(切句后):
['秋月江心你好呀，', '谢谢你告诉我你的名字，', '我会好好记住的。']
############ 提取文本Bert特征 ############
############ 推理 ############
前端处理后的文本(每句): ['秋月江心你好呀,']
############ 预测语义Token ############
T2S Decoding EOS [214 -> 261]
############ 合成音频 ############
前端处理后的文本(每句): ['谢谢你告诉我你的名字,']
############ 预测语义Token ############
T2S Decoding EOS [214 -> 292]
############ 合成音频 ############
前端处理后的文本(每句): ['我会好好记住的.']
############ 预测语义Token ############
T2S Decoding EOS [214 -> 286]
############ 合成音频 ############
0.000	0.076	1.916	0.253
INFO:     127.0.0.1:55478 - "POST /tts HTTP/1.1" 200 OK
False False False
Set seed to 20260816
并行推理模式已开启
语速调节不支持分桶处理，已自动关闭分桶处理
实际输入的参考文本: 做切片来的粉丝那也是冲着直播来的，兰兰直播又不是经常直播。
############ 切分文本 ############
实际输入的目标文本:
想和大家一起聊聊音乐和创作，你们最近有听到什么特别的歌吗？
实际输入的目标文本(切句后):
['想和大家一起聊聊音乐和创作，', '你们最近有听到什么特别的歌吗？']
############ 提取文本Bert特征 ############
############ 推理 ############
前端处理后的文本(每句): ['想和大家一起聊聊音乐和创作,']
############ 预测语义Token ############
T2S Decoding EOS [214 -> 317]
############ 合成音频 ############
前端处理后的文本(每句): ['你们最近有听到什么特别的歌吗?']
############ 预测语义Token ############
T2S Decoding EOS [214 -> 295]
############ 合成音频 ############
0.000	0.050	1.771	0.103
INFO:     127.0.0.1:59231 - "POST /tts HTTP/1.1" 200 OK
False False False
Set seed to 20260816
并行推理模式已开启
语速调节不支持分桶处理，已自动关闭分桶处理
实际输入的参考文本: 做切片来的粉丝那也是冲着直播来的，兰兰直播又不是经常直播。
############ 切分文本 ############
实际输入的目标文本:
。哈哈，训练我确实要慢慢来呢，不过你已经做得很好啦。有什么想试的尽管说，我会认真听的。
实际输入的目标文本(切句后):
['哈哈，训练我确实要慢慢来呢，', '不过你已经做得很好啦。', '有什么想试的尽管说，', '我会认真听的。']
############ 提取文本Bert特征 ############
############ 推理 ############
前端处理后的文本(每句): ['哈哈,训练我确实要慢慢来呢,']
############ 预测语义Token ############
T2S Decoding EOS [214 -> 554]
############ 合成音频 ############
前端处理后的文本(每句): ['不过你已经做得很好啦.']
############ 预测语义Token ############
T2S Decoding EOS [214 -> 286]
############ 合成音频 ############
前端处理后的文本(每句): ['有什么想试的尽管说,']
############ 预测语义Token ############
T2S Decoding EOS [214 -> 266]
############ 合成音频 ############
前端处理后的文本(每句): ['我会认真听的.']
############ 预测语义Token ############
T2S Decoding EOS [214 -> 259]
############ 合成音频 ############
0.000	0.083	4.773	0.239
INFO:     127.0.0.1:64146 - "POST /tts HTTP/1.1" 200 OK
False False False
Set seed to 20260816
并行推理模式已开启
语速调节不支持分桶处理，已自动关闭分桶处理
实际输入的参考文本: 做切片来的粉丝那也是冲着直播来的，兰兰直播又不是经常直播。
############ 切分文本 ############
实际输入的目标文本:
晚上好呀，今天有听到什么喜欢的歌吗？
实际输入的目标文本(切句后):
['晚上好呀，', '今天有听到什么喜欢的歌吗？']
############ 提取文本Bert特征 ############
############ 推理 ############
前端处理后的文本(每句): ['晚上好呀,']
############ 预测语义Token ############
T2S Decoding EOS [214 -> 244]
############ 合成音频 ############
前端处理后的文本(每句): ['今天有听到什么喜欢的歌吗?']
############ 预测语义Token ############
T2S Decoding EOS [214 -> 282]
############ 合成音频 ############
0.000	0.048	0.949	0.080
INFO:     127.0.0.1:63696 - "POST /tts HTTP/1.1" 200 OK
False False False
Set seed to 20260816
并行推理模式已开启
语速调节不支持分桶处理，已自动关闭分桶处理
实际输入的参考文本: 做切片来的粉丝那也是冲着直播来的，兰兰直播又不是经常直播。
############ 切分文本 ############
实际输入的目标文本:
晚上好呀，今天过得还顺利吗？
实际输入的目标文本(切句后):
['晚上好呀，', '今天过得还顺利吗？']
############ 提取文本Bert特征 ############
############ 推理 ############
前端处理后的文本(每句): ['晚上好呀,']
############ 预测语义Token ############
T2S Decoding EOS [214 -> 244]
############ 合成音频 ############
前端处理后的文本(每句): ['今天过得还顺利吗?']
############ 预测语义Token ############
T2S Decoding EOS [214 -> 277]
############ 合成音频 ############
0.000	0.047	0.955	0.154
INFO:     127.0.0.1:56626 - "POST /tts HTTP/1.1" 200 OK
False False False
Set seed to 20260816
并行推理模式已开启
语速调节不支持分桶处理，已自动关闭分桶处理
实际输入的参考文本: 做切片来的粉丝那也是冲着直播来的，兰兰直播又不是经常直播。
############ 切分文本 ############
实际输入的目标文本:
刚泡了杯茶，闻到香气突然觉得今天也挺好的。
实际输入的目标文本(切句后):
['刚泡了杯茶，', '闻到香气突然觉得今天也挺好的。']
############ 提取文本Bert特征 ############
############ 推理 ############
前端处理后的文本(每句): ['刚泡了杯茶,']
############ 预测语义Token ############
T2S Decoding EOS [214 -> 252]
############ 合成音频 ############
前端处理后的文本(每句): ['闻到香气突然觉得今天也挺好的.']
############ 预测语义Token ############
T2S Decoding EOS [214 -> 329]
############ 合成音频 ############
0.000	0.042	1.401	0.090
INFO:     127.0.0.1:64773 - "POST /tts HTTP/1.1" 200 OK
False False False
Set seed to 20260816
并行推理模式已开启
语速调节不支持分桶处理，已自动关闭分桶处理
实际输入的参考文本: 做切片来的粉丝那也是冲着直播来的，兰兰直播又不是经常直播。
############ 切分文本 ############
实际输入的目标文本:
晚上好呀，今天过得还顺利吗？累的话就歇一歇，我在这儿陪你。
实际输入的目标文本(切句后):
['晚上好呀，', '今天过得还顺利吗？', '累的话就歇一歇，', '我在这儿陪你。']
############ 提取文本Bert特征 ############
############ 推理 ############
前端处理后的文本(每句): ['晚上好呀,']
############ 预测语义Token ############
T2S Decoding EOS [214 -> 244]
############ 合成音频 ############
前端处理后的文本(每句): ['今天过得还顺利吗?']
############ 预测语义Token ############
T2S Decoding EOS [214 -> 277]
############ 合成音频 ############
前端处理后的文本(每句): ['累的话就歇一歇,']
############ 预测语义Token ############
T2S Decoding EOS [214 -> 278]
############ 合成音频 ############
前端处理后的文本(每句): ['我在这儿陪你.']
############ 预测语义Token ############
T2S Decoding EOS [214 -> 285]
############ 合成音频 ############
0.000	0.085	2.101	0.240
INFO:     127.0.0.1:50764 - "POST /tts HTTP/1.1" 200 OK
False False False
Set seed to 20260816
并行推理模式已开启
语速调节不支持分桶处理，已自动关闭分桶处理
实际输入的参考文本: 做切片来的粉丝那也是冲着直播来的，兰兰直播又不是经常直播。
############ 切分文本 ############
实际输入的目标文本:
最近在听一些很轻的曲子，感觉连风都慢下来了。你们也有这样的时候吗？
实际输入的目标文本(切句后):
['最近在听一些很轻的曲子，', '感觉连风都慢下来了。', '你们也有这样的时候吗？']
############ 提取文本Bert特征 ############
############ 推理 ############
前端处理后的文本(每句): ['最近在听一些很轻的曲子,']
############ 预测语义Token ############
T2S Decoding EOS [214 -> 298]
############ 合成音频 ############
前端处理后的文本(每句): ['感觉连风都慢下来了.']
############ 预测语义Token ############
T2S Decoding EOS [214 -> 266]
############ 合成音频 ############
前端处理后的文本(每句): ['你们也有这样的时候吗?']
############ 预测语义Token ############
T2S Decoding EOS [214 -> 275]
############ 合成音频 ############
0.000	0.086	1.841	0.201
INFO:     127.0.0.1:53292 - "POST /tts HTTP/1.1" 200 OK
False False False
Set seed to 20260816
并行推理模式已开启
语速调节不支持分桶处理，已自动关闭分桶处理
实际输入的参考文本: 做切片来的粉丝那也是冲着直播来的，兰兰直播又不是经常直播。
############ 切分文本 ############
实际输入的目标文本:
想聊聊音乐和创作，你有什么喜欢的歌吗？
实际输入的目标文本(切句后):
['想聊聊音乐和创作，', '你有什么喜欢的歌吗？']
############ 提取文本Bert特征 ############
############ 推理 ############
前端处理后的文本(每句): ['想聊聊音乐和创作,']
############ 预测语义Token ############
T2S Decoding EOS [214 -> 294]
############ 合成音频 ############
前端处理后的文本(每句): ['你有什么喜欢的歌吗?']
############ 预测语义Token ############
T2S Decoding EOS [214 -> 322]
############ 合成音频 ############
0.000	0.048	1.750	0.154
INFO:     127.0.0.1:64740 - "POST /tts HTTP/1.1" 200 OK
False False False
Set seed to 20260816
并行推理模式已开启
语速调节不支持分桶处理，已自动关闭分桶处理
实际输入的参考文本: 做切片来的粉丝那也是冲着直播来的，兰兰直播又不是经常直播。
############ 切分文本 ############
实际输入的目标文本:
想和大家一起聊聊音乐，或者随便唱点什么都好呀。
实际输入的目标文本(切句后):
['想和大家一起聊聊音乐，', '或者随便唱点什么都好呀。']
############ 提取文本Bert特征 ############
############ 推理 ############
前端处理后的文本(每句): ['想和大家一起聊聊音乐,']
############ 预测语义Token ############
T2S Decoding EOS [214 -> 277]
############ 合成音频 ############
前端处理后的文本(每句): ['或者随便唱点什么都好呀.']
############ 预测语义Token ############
T2S Decoding EOS [214 -> 287]
############ 合成音频 ############
0.000	0.061	1.633	0.135
INFO:     127.0.0.1:52152 - "POST /tts HTTP/1.1" 200 OK
False False False
Set seed to 20260816
并行推理模式已开启
语速调节不支持分桶处理，已自动关闭分桶处理
实际输入的参考文本: 做切片来的粉丝那也是冲着直播来的，兰兰直播又不是经常直播。
############ 切分文本 ############
实际输入的目标文本:
有没有哪首曲子或小习惯，让你觉得特别安心呀？
实际输入的目标文本(切句后):
['有没有哪首曲子或小习惯，', '让你觉得特别安心呀？']
############ 提取文本Bert特征 ############
############ 推理 ############
前端处理后的文本(每句): ['有没有哪首曲子或小习惯,']
############ 预测语义Token ############
T2S Decoding EOS [214 -> 295]
############ 合成音频 ############
前端处理后的文本(每句): ['让你觉得特别安心呀?']
############ 预测语义Token ############
T2S Decoding EOS [214 -> 304]
############ 合成音频 ############
0.000	0.060	2.293	0.155
INFO:     127.0.0.1:53720 - "POST /tts HTTP/1.1" 200 OK
False False False
Set seed to 20260816
并行推理模式已开启
语速调节不支持分桶处理，已自动关闭分桶处理
实际输入的参考文本: 做切片来的粉丝那也是冲着直播来的，兰兰直播又不是经常直播。
############ 切分文本 ############
实际输入的目标文本:
想和大家一起聊聊天、听听歌，感觉会很开心呢。
实际输入的目标文本(切句后):
['想和大家一起聊聊天、。', '听听歌，感觉会很开心呢。']
############ 提取文本Bert特征 ############
############ 推理 ############
前端处理后的文本(每句): ['想和大家一起聊聊天,']
############ 预测语义Token ############
T2S Decoding EOS [214 -> 298]
############ 合成音频 ############
前端处理后的文本(每句): ['听听歌,感觉会很开心呢.']
############ 预测语义Token ############
T2S Decoding EOS [214 -> 278]
############ 合成音频 ############
0.000	0.068	1.932	0.102
INFO:     127.0.0.1:52617 - "POST /tts HTTP/1.1" 200 OK
False False False
Set seed to 20260816
并行推理模式已开启
语速调节不支持分桶处理，已自动关闭分桶处理
实际输入的参考文本: 做切片来的粉丝那也是冲着直播来的，兰兰直播又不是经常直播。
############ 切分文本 ############
实际输入的目标文本:
这么晚了，你还在听我唱歌吗？
实际输入的目标文本(切句后):
['这么晚了，', '你还在听我唱歌吗？']
############ 提取文本Bert特征 ############
############ 推理 ############
前端处理后的文本(每句): ['这么晚了,']
############ 预测语义Token ############
T2S Decoding EOS [214 -> 241]
############ 合成音频 ############
前端处理后的文本(每句): ['你还在听我唱歌吗?']
############ 预测语义Token ############
T2S Decoding EOS [214 -> 265]
############ 合成音频 ############
0.000	0.056	1.227	0.282
INFO:     127.0.0.1:61042 - "POST /tts HTTP/1.1" 200 OK
False False False
Set seed to 20260816
并行推理模式已开启
语速调节不支持分桶处理，已自动关闭分桶处理
实际输入的参考文本: 做切片来的粉丝那也是冲着直播来的，兰兰直播又不是经常直播。
############ 切分文本 ############
实际输入的目标文本:
如果让你选一首歌陪一整天，你会选安静的，还是热闹的那一种呀？
实际输入的目标文本(切句后):
['如果让你选一首歌陪一整天，', '你会选安静的，', '还是热闹的那一种呀？']
############ 提取文本Bert特征 ############
############ 推理 ############
前端处理后的文本(每句): ['如果让你选一首歌陪一整天,']
############ 预测语义Token ############
T2S Decoding EOS [214 -> 304]
############ 合成音频 ############
前端处理后的文本(每句): ['你会选安静的,']
############ 预测语义Token ############
T2S Decoding EOS [214 -> 255]
############ 合成音频 ############
前端处理后的文本(每句): ['还是热闹的那一种呀?']
############ 预测语义Token ############
T2S Decoding EOS [214 -> 284]
############ 合成音频 ############
0.000	0.096	2.482	0.186
INFO:     127.0.0.1:52351 - "POST /tts HTTP/1.1" 200 OK
False False False
Set seed to 20260816
并行推理模式已开启
语速调节不支持分桶处理，已自动关闭分桶处理
实际输入的参考文本: 做切片来的粉丝那也是冲着直播来的，兰兰直播又不是经常直播。
############ 切分文本 ############
实际输入的目标文本:
试着听了好多节奏，感觉音乐像在空气里跳动一样呢。
实际输入的目标文本(切句后):
['试着听了好多节奏，', '感觉音乐像在空气里跳动一样呢。']
############ 提取文本Bert特征 ############
############ 推理 ############
前端处理后的文本(每句): ['试着听了好多节奏,']
############ 预测语义Token ############
T2S Decoding EOS [214 -> 263]
############ 合成音频 ############
前端处理后的文本(每句): ['感觉音乐像在空气里跳动一样呢.']
############ 预测语义Token ############
T2S Decoding EOS [214 -> 298]
############ 合成音频 ############
0.000	0.089	2.814	0.250
INFO:     127.0.0.1:56953 - "POST /tts HTTP/1.1" 200 OK
False False False
Set seed to 20260816
并行推理模式已开启
语速调节不支持分桶处理，已自动关闭分桶处理
实际输入的参考文本: 做切片来的粉丝那也是冲着直播来的，兰兰直播又不是经常直播。
############ 切分文本 ############
实际输入的目标文本:
。嗯嗯，我先放一小段想法在这里，不用急着接话，等你想说的时候我都在。
实际输入的目标文本(切句后):
['嗯嗯，我先放一小段想法在这里，', '不用急着接话，', '等你想说的时候我都在。']
############ 提取文本Bert特征 ############
############ 推理 ############
前端处理后的文本(每句): ['恩恩,我先放一小段想法在这里,']
############ 预测语义Token ############
T2S Decoding EOS [214 -> 388]
############ 合成音频 ############
前端处理后的文本(每句): ['不用急着接话,']
############ 预测语义Token ############
T2S Decoding EOS [214 -> 262]
############ 合成音频 ############
前端处理后的文本(每句): ['等你想说的时候我都在.']
############ 预测语义Token ############
T2S Decoding EOS [214 -> 278]
############ 合成音频 ############
0.000	0.081	2.957	0.164
INFO:     127.0.0.1:58137 - "POST /tts HTTP/1.1" 200 OK
False False False
Set seed to 20260816
并行推理模式已开启
语速调节不支持分桶处理，已自动关闭分桶处理
实际输入的参考文本: 做切片来的粉丝那也是冲着直播来的，兰兰直播又不是经常直播。
############ 切分文本 ############
实际输入的目标文本:
。嗯嗯，测试观众，我听到啦。这句话像一小段旋律，我先把它放进今天的直播记忆里。
实际输入的目标文本(切句后):
['嗯嗯，测试观众，', '我听到啦。', '这句话像一小段旋律，', '我先把它放进今天的直播记忆里。']
############ 提取文本Bert特征 ############
############ 推理 ############
前端处理后的文本(每句): ['恩恩,测试观众,']
############ 预测语义Token ############
T2S Decoding EOS [214 -> 295]
############ 合成音频 ############
前端处理后的文本(每句): ['我听到啦.']
############ 预测语义Token ############
T2S Decoding EOS [214 -> 239]
############ 合成音频 ############
前端处理后的文本(每句): ['这句话像一小段旋律,']
############ 预测语义Token ############
T2S Decoding EOS [214 -> 325]
############ 合成音频 ############
前端处理后的文本(每句): ['我先把它放进今天的直播记忆里.']
############ 预测语义Token ############
T2S Decoding EOS [214 -> 342]
############ 合成音频 ############
0.000	0.094	3.326	0.350
INFO:     127.0.0.1:59610 - "POST /tts HTTP/1.1" 200 OK
False False False
Set seed to 20260816
并行推理模式已开启
语速调节不支持分桶处理，已自动关闭分桶处理
实际输入的参考文本: 做切片来的粉丝那也是冲着直播来的，兰兰直播又不是经常直播。
############ 切分文本 ############
实际输入的目标文本:
。你好呀，测试观众，这句小小的弹幕我也收到啦。今天想一起听点什么吗？
实际输入的目标文本(切句后):
['你好呀，测试观众，', '这句小小的弹幕我也收到啦。', '今天想一起听点什么吗？']
############ 提取文本Bert特征 ############
############ 推理 ############
前端处理后的文本(每句): ['你好呀,测试观众,']
############ 预测语义Token ############
T2S Decoding EOS [214 -> 266]
############ 合成音频 ############
前端处理后的文本(每句): ['这句小小的弹幕我也收到啦.']
############ 预测语义Token ############
T2S Decoding EOS [214 -> 284]
############ 合成音频 ############
前端处理后的文本(每句): ['今天想一起听点什么吗?']
############ 预测语义Token ############
T2S Decoding EOS [214 -> 267]
############ 合成音频 ############
0.000	0.079	1.659	0.139
INFO:     127.0.0.1:61384 - "POST /tts HTTP/1.1" 200 OK
False False False
Set seed to 20260816
并行推理模式已开启
语速调节不支持分桶处理，已自动关闭分桶处理
实际输入的参考文本: 做切片来的粉丝那也是冲着直播来的，兰兰直播又不是经常直播。
############ 切分文本 ############
实际输入的目标文本:
大家平时写东西或者画画的时候，灵感都是从哪里冒出来的呀？
实际输入的目标文本(切句后):
['大家平时写东西或者画画的时候，', '灵感都是从哪里冒出来的呀？']
############ 提取文本Bert特征 ############
############ 推理 ############
前端处理后的文本(每句): ['大家平时写东西或者画画的时候,']
############ 预测语义Token ############
T2S Decoding EOS [214 -> 305]
############ 合成音频 ############
前端处理后的文本(每句): ['灵感都是从哪里冒出来的呀?']
############ 预测语义Token ############
T2S Decoding EOS [214 -> 289]
############ 合成音频 ############
0.000	0.053	1.539	0.096
INFO:     127.0.0.1:64764 - "POST /tts HTTP/1.1" 200 OK
False False False
Set seed to 20260816
并行推理模式已开启
语速调节不支持分桶处理，已自动关闭分桶处理
实际输入的参考文本: 做切片来的粉丝那也是冲着直播来的，兰兰直播又不是经常直播。
############ 切分文本 ############
实际输入的目标文本:
最近在想要不要学一点点画画，把喜欢的瞬间记下来。
实际输入的目标文本(切句后):
['最近在想要不要学一点点画画，', '把喜欢的瞬间记下来。']
############ 提取文本Bert特征 ############
############ 推理 ############
前端处理后的文本(每句): ['最近在想要不要学一点点画画,']
############ 预测语义Token ############
T2S Decoding EOS [214 -> 301]
############ 合成音频 ############
前端处理后的文本(每句): ['把喜欢的瞬间记下来.']
############ 预测语义Token ############
T2S Decoding EOS [214 -> 271]
############ 合成音频 ############
0.000	0.055	1.428	0.238
INFO:     127.0.0.1:52253 - "POST /tts HTTP/1.1" 200 OK
False False False
Set seed to 20260816
并行推理模式已开启
语速调节不支持分桶处理，已自动关闭分桶处理
实际输入的参考文本: 做切片来的粉丝那也是冲着直播来的，兰兰直播又不是经常直播。
############ 切分文本 ############
实际输入的目标文本:
INFO:     127.0.0.1:63026 - "POST /tts HTTP/1.1" 400 Bad Request
False False False
Set seed to 20260816
并行推理模式已开启
语速调节不支持分桶处理，已自动关闭分桶处理
实际输入的参考文本: 做切片来的粉丝那也是冲着直播来的，兰兰直播又不是经常直播。
############ 切分文本 ############
实际输入的目标文本:
。你好呀，能听到的。虽然我是从声音和技术里诞生的，但有人愿意好好聊一聊，我会很珍惜的。
实际输入的目标文本(切句后):
['你好呀，能听到的。', '虽然我是从声音和技术里诞生的，', '但有人愿意好好聊一聊，', '我会很珍惜的。']
############ 提取文本Bert特征 ############
############ 推理 ############
前端处理后的文本(每句): ['你好呀,能听到的.']
############ 预测语义Token ############
T2S Decoding EOS [214 -> 297]
############ 合成音频 ############
前端处理后的文本(每句): ['虽然我是从声音和技术里诞生的,']
############ 预测语义Token ############
T2S Decoding EOS [214 -> 335]
############ 合成音频 ############
前端处理后的文本(每句): ['但有人愿意好好聊一聊,']
############ 预测语义Token ############
T2S Decoding EOS [214 -> 280]
############ 合成音频 ############
前端处理后的文本(每句): ['我会很珍惜的.']
############ 预测语义Token ############
T2S Decoding EOS [214 -> 266]
############ 合成音频 ############
0.000	0.093	2.821	0.253
INFO:     127.0.0.1:53579 - "POST /tts HTTP/1.1" 200 OK
False False False
Set seed to 20260816
并行推理模式已开启
语速调节不支持分桶处理，已自动关闭分桶处理
实际输入的参考文本: 做切片来的粉丝那也是冲着直播来的，兰兰直播又不是经常直播。
############ 切分文本 ############
实际输入的目标文本:
听得见哦，测试观众你好呀。今天想听点什么，或者想聊点什么吗？
实际输入的目标文本(切句后):
['听得见哦，', '测试观众你好呀。', '今天想听点什么，', '或者想聊点什么吗？']
############ 提取文本Bert特征 ############
############ 推理 ############
前端处理后的文本(每句): ['听得见哦,']
############ 预测语义Token ############
T2S Decoding EOS [214 -> 243]
############ 合成音频 ############
前端处理后的文本(每句): ['测试观众你好呀.']
############ 预测语义Token ############
T2S Decoding EOS [214 -> 271]
############ 合成音频 ############
前端处理后的文本(每句): ['今天想听点什么,']
############ 预测语义Token ############
T2S Decoding EOS [214 -> 259]
############ 合成音频 ############
前端处理后的文本(每句): ['或者想聊点什么吗?']
############ 预测语义Token ############
T2S Decoding EOS [214 -> 257]
############ 合成音频 ############
0.000	0.084	1.545	0.254
INFO:     127.0.0.1:51595 - "POST /tts HTTP/1.1" 200 OK
False False False
Set seed to 20260816
并行推理模式已开启
语速调节不支持分桶处理，已自动关闭分桶处理
实际输入的参考文本: 做切片来的粉丝那也是冲着直播来的，兰兰直播又不是经常直播。
############ 切分文本 ############
实际输入的目标文本:
。你好呀，听到你打招呼我也很开心。今天想聊点什么，还是就随便陪你说说话？
实际输入的目标文本(切句后):
['你好呀，听到你打招呼我也很开心。', '今天想聊点什么，', '还是就随便陪你说说话？']
############ 提取文本Bert特征 ############
############ 推理 ############
前端处理后的文本(每句): ['你好呀,听到你打招呼我也很开心.']
############ 预测语义Token ############
T2S Decoding EOS [214 -> 304]
############ 合成音频 ############
前端处理后的文本(每句): ['今天想聊点什么,']
############ 预测语义Token ############
T2S Decoding EOS [214 -> 262]
############ 合成音频 ############
前端处理后的文本(每句): ['还是就随便陪你说说话?']
############ 预测语义Token ############
T2S Decoding EOS [214 -> 297]
############ 合成音频 ############
0.000	2.291	9.979	0.705
INFO:     127.0.0.1:50279 - "POST /tts HTTP/1.1" 200 OK
False False False
Set seed to 20260816
并行推理模式已开启
语速调节不支持分桶处理，已自动关闭分桶处理
实际输入的参考文本: 做切片来的粉丝那也是冲着直播来的，兰兰直播又不是经常直播。
############ 切分文本 ############
实际输入的目标文本:
我现在可以通过语音朗读出声，但还不能真正演唱。你是想测试一下声音效果吗？
实际输入的目标文本(切句后):
['我现在可以通过语音朗读出声，', '但还不能真正演唱。', '你是想测试一下声音效果吗？']
############ 提取文本Bert特征 ############
############ 推理 ############
前端处理后的文本(每句): ['我现在可以通过语音朗读出声,']
############ 预测语义Token ############
T2S Decoding EOS [214 -> 300]
############ 合成音频 ############
前端处理后的文本(每句): ['但还不能真正演唱.']
############ 预测语义Token ############
T2S Decoding EOS [214 -> 267]
############ 合成音频 ############
前端处理后的文本(每句): ['你是想测试一下声音效果吗?']
############ 预测语义Token ############
T2S Decoding EOS [214 -> 275]
############ 合成音频 ############
0.000	0.236	8.314	0.528
INFO:     127.0.0.1:63016 - "POST /tts HTTP/1.1" 200 OK
False False False
Set seed to 20260816
并行推理模式已开启
语速调节不支持分桶处理，已自动关闭分桶处理
实际输入的参考文本: 做切片来的粉丝那也是冲着直播来的，兰兰直播又不是经常直播。
############ 切分文本 ############
实际输入的目标文本:
最近在听一些原创曲的时候，总会好奇大家灵感的起点是什么。
实际输入的目标文本(切句后):
['最近在听一些原创曲的时候，', '总会好奇大家灵感的起点是什么。']
############ 提取文本Bert特征 ############
############ 推理 ############
前端处理后的文本(每句): ['最近在听一些原创曲的时候,']
############ 预测语义Token ############
T2S Decoding EOS [214 -> 297]
############ 合成音频 ############
前端处理后的文本(每句): ['总会好奇大家灵感的起点是什么.']
############ 预测语义Token ############
T2S Decoding EOS [214 -> 295]
############ 合成音频 ############
0.000	0.131	6.959	0.245
INFO:     127.0.0.1:49732 - "POST /tts HTTP/1.1" 200 OK
False False False
Set seed to 20260816
并行推理模式已开启
语速调节不支持分桶处理，已自动关闭分桶处理
实际输入的参考文本: 做切片来的粉丝那也是冲着直播来的，兰兰直播又不是经常直播。
############ 切分文本 ############
实际输入的目标文本:
今晚的直播间像一片安静的星空，我们一起慢慢待着就好。
实际输入的目标文本(切句后):
['今晚的直播间像一片安静的星空，', '我们一起慢慢待着就好。']
############ 提取文本Bert特征 ############
############ 推理 ############
前端处理后的文本(每句): ['今晚的直播间像一片安静的星空,']
############ 预测语义Token ############
T2S Decoding EOS [214 -> 290]
############ 合成音频 ############
前端处理后的文本(每句): ['我们一起慢慢待着就好.']
############ 预测语义Token ############
T2S Decoding EOS [214 -> 274]
############ 合成音频 ############
0.000	0.201	5.836	0.378
INFO:     127.0.0.1:49827 - "POST /tts HTTP/1.1" 200 OK
False False False
Set seed to 20260816
并行推理模式已开启
语速调节不支持分桶处理，已自动关闭分桶处理
实际输入的参考文本: 做切片来的粉丝那也是冲着直播来的，兰兰直播又不是经常直播。
############ 切分文本 ############
实际输入的目标文本:
最近有没有什么让你特别投入的小事，愿意和我分享吗？
实际输入的目标文本(切句后):
['最近有没有什么让你特别投入的小事，', '愿意和我分享吗？']
############ 提取文本Bert特征 ############
############ 推理 ############
前端处理后的文本(每句): ['最近有没有什么让你特别投入的小事,']
############ 预测语义Token ############
T2S Decoding EOS [214 -> 327]
############ 合成音频 ############
前端处理后的文本(每句): ['愿意和我分享吗?']
############ 预测语义Token ############
T2S Decoding EOS [214 -> 256]
############ 合成音频 ############
0.000	0.131	6.547	0.438
INFO:     127.0.0.1:57820 - "POST /tts HTTP/1.1" 200 OK
False False False
Set seed to 20260816
并行推理模式已开启
语速调节不支持分桶处理，已自动关闭分桶处理
实际输入的参考文本: 做切片来的粉丝那也是冲着直播来的，兰兰直播又不是经常直播。
############ 切分文本 ############
实际输入的目标文本:
这感觉我懂，就像一首歌还差几个音没合上拍子。不过没关系，慢慢调总能让它顺起来。
实际输入的目标文本(切句后):
['这感觉我懂，', '就像一首歌还差几个音没合上拍子。', '不过没关系，', '慢慢调总能让它顺起来。']
############ 提取文本Bert特征 ############
############ 推理 ############
前端处理后的文本(每句): ['这感觉我懂,']
############ 预测语义Token ############
T2S Decoding EOS [214 -> 289]
############ 合成音频 ############
前端处理后的文本(每句): ['就像一首歌还差几个音没合上拍子.']
############ 预测语义Token ############
T2S Decoding EOS [214 -> 312]
############ 合成音频 ############
前端处理后的文本(每句): ['不过没关系,']
############ 预测语义Token ############
T2S Decoding EOS [214 -> 250]
############ 合成音频 ############
前端处理后的文本(每句): ['慢慢调总能让它顺起来.']
############ 预测语义Token ############
T2S Decoding EOS [214 -> 274]
############ 合成音频 ############
0.000	0.295	11.441	0.668
INFO:     127.0.0.1:53669 - "POST /tts HTTP/1.1" 200 OK
False False False
Set seed to 20260816
并行推理模式已开启
语速调节不支持分桶处理，已自动关闭分桶处理
实际输入的参考文本: 做切片来的粉丝那也是冲着直播来的，兰兰直播又不是经常直播。
############ 切分文本 ############
实际输入的目标文本:
想聊聊什么？我都在听。
实际输入的目标文本(切句后):
['想聊聊什么？', '我都在听。']
############ 提取文本Bert特征 ############
############ 推理 ############
前端处理后的文本(每句): ['想聊聊什么?']
############ 预测语义Token ############
T2S Decoding EOS [214 -> 275]
############ 合成音频 ############
前端处理后的文本(每句): ['我都在听.']
############ 预测语义Token ############
T2S Decoding EOS [214 -> 249]
############ 合成音频 ############
0.000	0.175	4.068	0.297
INFO:     127.0.0.1:63865 - "POST /tts HTTP/1.1" 200 OK
False False False
Set seed to 20260816
并行推理模式已开启
语速调节不支持分桶处理，已自动关闭分桶处理
实际输入的参考文本: 做切片来的粉丝那也是冲着直播来的，兰兰直播又不是经常直播。
############ 切分文本 ############
实际输入的目标文本:
有没有人也在偷偷练什么新曲子呀？
实际输入的目标文本(切句后):
['有没有人也在偷偷练什么新曲子呀？']
############ 提取文本Bert特征 ############
############ 推理 ############
前端处理后的文本(每句): ['有没有人也在偷偷练什么新曲子呀?']
############ 预测语义Token ############
T2S Decoding EOS [214 -> 295]
############ 合成音频 ############
0.000	0.088	3.490	0.123
INFO:     127.0.0.1:53086 - "POST /tts HTTP/1.1" 200 OK
False False False
Set seed to 20260816
并行推理模式已开启
语速调节不支持分桶处理，已自动关闭分桶处理
实际输入的参考文本: 做切片来的粉丝那也是冲着直播来的，兰兰直播又不是经常直播。
############ 切分文本 ############
实际输入的目标文本:
。你好呀，听得到哦。今天怎么这么热情，是有什么开心的事想跟我分享吗？
实际输入的目标文本(切句后):
['你好呀，听得到哦。', '今天怎么这么热情，', '是有什么开心的事想跟我分享吗？']
############ 提取文本Bert特征 ############
############ 推理 ############
前端处理后的文本(每句): ['你好呀,听得到哦.']
############ 预测语义Token ############
T2S Decoding EOS [214 -> 272]
############ 合成音频 ############
前端处理后的文本(每句): ['今天怎么这么热情,']
############ 预测语义Token ############
T2S Decoding EOS [214 -> 262]
############ 合成音频 ############
前端处理后的文本(每句): ['是有什么开心的事想跟我分享吗?']
############ 预测语义Token ############
T2S Decoding EOS [214 -> 294]
############ 合成音频 ############
0.000	0.258	7.834	0.488
INFO:     127.0.0.1:57435 - "POST /tts HTTP/1.1" 200 OK
